read_date,sl_read1,bl_ahd1,mean_temp1,bl_ahd2,mean_temp2,rf_read1
2017-05-22,0.20800000000000002,253.032,19.8,251.68,20.3,4.0
2017-05-23,0.207,253.033,19.8,251.68200000000002,20.3,0.0
2017-05-24,0.20800000000000002,253.037,19.8,251.69,20.3,5.6
2017-05-25,0.207,253.032,19.8,251.68400000000003,20.3,0.4
2017-05-26,0.207,253.03099999999998,19.8,251.683,20.3,0.0
2017-05-27,0.207,253.03099999999998,19.8,251.685,20.3,0.0
2017-05-28,0.20600000000000002,253.03900000000002,19.8,251.69400000000002,20.3,15.8
2017-05-29,0.20600000000000002,253.033,19.8,251.68099999999998,20.3,0.0
2017-05-30,0.20600000000000002,253.03,19.8,251.673,20.3,0.0
2017-05-31,0.20600000000000002,253.028,19.8,251.666,20.3,0.0
2017-06-01,0.205,253.024,19.802,251.655,20.3,0.2
2017-06-02,0.205,253.021,19.871,251.655,20.3,0.0
2017-06-03,0.205,253.023,19.974,251.66,20.3,0.2
2017-06-04,0.205,253.024,20.078,251.666,20.3,0.4
2017-06-05,0.205,253.02599999999998,20.180999999999997,251.67,20.3,0.2
2017-06-06,0.205,253.028,20.285,251.672,20.3,0.2
2017-06-07,0.205,253.02900000000002,20.387999999999998,251.673,20.3,0.0
2017-06-08,0.205,253.032,20.482,251.669,20.3,1.6
2017-06-09,0.205,253.03599999999997,20.5,251.665,20.3,0.4
2017-06-10,0.205,253.035,20.5,251.66,20.3,0.0
2017-06-11,0.205,253.037,20.5,251.666,20.3,1.4
2017-06-12,0.20600000000000002,253.04,20.5,251.67700000000002,20.3,24.4
2017-06-13,0.20600000000000002,253.03799999999998,20.5,251.671,20.3,0.4
2017-06-14,0.20600000000000002,253.03599999999997,20.5,251.666,20.3,0.2
2017-06-15,0.20600000000000002,253.03599999999997,20.5,251.669,20.3,0.2
2017-06-16,0.20600000000000002,253.03799999999998,20.5,251.673,20.3,0.0
2017-06-17,0.20600000000000002,253.03900000000002,20.5,251.67700000000002,20.3,0.0
2017-06-18,0.20600000000000002,253.03599999999997,20.5,251.671,20.3,0.2
2017-06-19,0.20600000000000002,253.033,20.504,251.66299999999998,20.3,0.2
2017-06-20,0.20600000000000002,253.033,20.529,251.665,20.3,0.4
2017-06-21,0.20600000000000002,253.032,20.545,251.665,20.3,0.0
2017-06-22,0.20600000000000002,253.03099999999998,20.590999999999998,251.66299999999998,20.3,0.0
2017-06-23,0.20600000000000002,253.032,20.6,251.672,20.3,0.2
2017-06-24,0.205,253.03099999999998,20.6,251.676,20.3,0.0
2017-06-25,0.205,253.03,20.6,251.674,20.3,0.2
2017-06-26,0.205,253.02900000000002,20.6,251.668,20.3,0.0
2017-06-27,0.205,253.02900000000002,20.6,251.662,20.3,0.0
2017-06-28,0.204,253.033,20.6,251.672,20.3,2.6
2017-06-29,0.207,253.04,20.6,251.696,20.3,25.2
2017-06-30,0.207,253.03900000000002,20.6,251.69,20.3,5.4
2017-07-01,0.205,253.037,20.6,251.68400000000003,20.3,0.0
2017-07-02,0.205,253.03599999999997,20.6,251.688,20.3,0.0
2017-07-03,0.205,253.03900000000002,20.6,251.701,20.3,0.0
2017-07-04,0.205,253.03799999999998,20.6,251.706,20.3,6.2
2017-07-05,0.204,253.035,20.6,251.703,20.3,0.0
2017-07-06,0.204,253.033,20.6,251.701,20.3,0.0
2017-07-07,0.204,253.03400000000002,20.601999999999997,251.707,20.3,0.0
2017-07-08,0.204,253.03099999999998,20.642,251.696,20.3,0.0
2017-07-09,0.204,253.02900000000002,20.666,251.68599999999998,20.3,0.0
2017-07-10,0.204,253.02700000000002,20.691999999999997,251.67700000000002,20.3,0.0
2017-07-11,0.204,253.02700000000002,20.7,251.669,20.3,0.0
2017-07-12,0.204,253.02599999999998,20.7,251.668,20.3,0.0
2017-07-13,0.204,253.02700000000002,20.7,251.676,20.3,0.0
2017-07-14,0.204,253.028,20.7,251.687,20.3,0.0
2017-07-15,0.204,253.03,20.7,251.69,20.3,6.0
2017-07-16,0.205,253.03099999999998,20.7,251.68900000000002,20.3,7.2
2017-07-17,0.205,253.03099999999998,20.7,251.69099999999997,20.3,0.0
2017-07-18,0.204,253.03,20.7,251.699,20.3,0.0
2017-07-19,0.203,253.02900000000002,20.7,251.7,20.3,0.8
2017-07-20,0.203,253.02599999999998,20.701,251.68900000000002,20.3,8.4
2017-07-21,0.203,253.02599999999998,20.713,251.68200000000002,20.3,0.0
2017-07-22,0.203,253.025,20.76,251.67700000000002,20.3,0.0
2017-07-23,0.203,253.025,20.784000000000002,251.679,20.3,0.0
2017-07-24,0.203,253.023,20.791,251.676,20.3,0.0
2017-07-25,0.203,253.021,20.796,251.672,20.3,0.0
2017-07-26,0.203,253.021,20.798000000000002,251.675,20.3,0.0
2017-07-27,0.201,253.019,20.799,251.669,20.3,0.0
2017-07-28,0.201,253.019,20.8,251.673,20.3,0.0
2017-07-29,0.2,253.018,20.8,251.67,20.302,0.0
2017-07-30,0.201,253.017,20.8,251.675,20.305,0.0
2017-07-31,0.201,253.017,20.8,251.673,20.317,0.0
2017-08-01,0.201,253.016,20.8,251.66099999999997,20.33,0.0
2017-08-02,0.201,253.017,20.8,251.666,20.351,0.0
2017-08-03,0.201,253.018,20.8,251.68200000000002,20.374000000000002,0.0
2017-08-04,0.20199999999999999,253.02,20.8,251.69099999999997,20.395,29.2
2017-08-05,0.20199999999999999,253.018,20.8,251.685,20.394000000000002,0.0
2017-08-06,0.20199999999999999,253.017,20.8,251.68599999999998,20.399,0.2
2017-08-07,0.20199999999999999,253.016,20.8,251.687,20.4,0.0
2017-08-08,0.201,253.014,20.8,251.671,20.4,0.0
2017-08-09,0.20199999999999999,253.013,20.8,251.666,20.4,0.0
2017-08-10,0.20199999999999999,253.014,20.8,251.672,20.4,0.0
2017-08-11,0.201,253.012,20.8,251.676,20.4,0.0
2017-08-12,0.2,253.011,20.8,251.665,20.4,0.0
2017-08-13,0.2,253.01,20.8,251.662,20.4,0.0
2017-08-14,0.19899999999999998,253.011,20.8,251.666,20.4,0.0
2017-08-15,0.198,253.012,20.8,251.676,20.4,0.0
2017-08-16,0.198,253.013,20.8,251.687,20.4,0.0
2017-08-17,0.19699999999999998,253.013,20.8,251.676,20.4,0.0
2017-08-18,0.198,253.013,20.8,251.666,20.4,0.0
2017-08-19,0.198,253.014,20.8,251.655,20.4,0.0
2017-08-20,0.198,253.015,20.8,251.65099999999998,20.4,0.0
2017-08-21,0.19899999999999998,253.018,20.8,251.658,20.401,0.0
2017-08-22,0.19899999999999998,253.018,20.8,251.66099999999997,20.4,0.0
2017-08-23,0.198,253.015,20.8,251.65599999999998,20.405,0.0
2017-08-24,0.198,253.014,20.8,251.657,20.410999999999998,0.0
2017-08-25,0.19699999999999998,253.014,20.8,251.64700000000002,20.413,0.0
2017-08-26,0.19699999999999998,253.015,20.8,251.643,20.429000000000002,0.0
2017-08-27,0.19699999999999998,253.016,20.8,251.65099999999998,20.444000000000003,0.0
2017-08-28,0.19699999999999998,253.016,20.8,251.649,20.465,0.0
2017-08-29,0.19699999999999998,253.016,20.8,251.644,20.483,0.0
2017-08-30,0.19699999999999998,253.015,20.8,251.64,20.48,0.0
2017-08-31,0.19699999999999998,253.014,20.8,251.635,20.491,0.0
2017-09-01,0.19699999999999998,253.014,20.8,251.637,20.491,0.0
2017-09-02,0.19699999999999998,253.014,20.8,251.64,20.496,0.0
2017-09-03,0.19699999999999998,253.015,20.8,251.65400000000002,20.498,0.0
2017-09-04,0.19699999999999998,253.013,20.8,251.65400000000002,20.498,0.0
2017-09-05,0.19699999999999998,253.011,20.799,251.646,20.5,0.0
2017-09-06,0.19699999999999998,253.011,20.781999999999996,251.638,20.5,0.0
2017-09-07,0.19699999999999998,253.01,20.763,251.632,20.499000000000002,0.0
2017-09-08,0.19699999999999998,253.00900000000001,20.745,251.632,20.5,0.0
2017-09-09,0.196,253.00900000000001,20.721999999999998,251.63,20.5,0.0
2017-09-10,0.19699999999999998,253.00799999999998,20.715,251.63099999999997,20.5,0.0
2017-09-11,0.19699999999999998,253.00799999999998,20.701999999999998,251.63299999999998,20.5,0.0
2017-09-12,0.196,253.007,20.701999999999998,251.638,20.5,0.0
2017-09-13,0.196,253.00799999999998,20.7,251.65400000000002,20.5,0.0
2017-09-14,0.196,253.007,20.7,251.637,20.5,11.4
2017-09-15,0.19699999999999998,253.00599999999997,20.7,251.62400000000002,20.5,0.0
2017-09-16,0.19699999999999998,253.00599999999997,20.7,251.625,20.5,0.0
2017-09-17,0.19699999999999998,253.005,20.7,251.62099999999998,20.5,0.0
2017-09-18,0.19699999999999998,253.00400000000002,20.698,251.623,20.5,0.0
2017-09-19,0.196,253.005,20.663,251.63299999999998,20.5,0.0
2017-09-20,0.196,253.003,20.609,251.62900000000002,20.5,0.0
2017-09-21,0.196,253.002,20.6,251.632,20.5,0.0
2017-09-22,0.196,253.00099999999998,20.6,251.635,20.5,0.0
2017-09-23,0.196,253.00099999999998,20.6,251.644,20.5,0.0
2017-09-24,0.195,253.0,20.6,251.65,20.5,0.0
2017-09-25,0.196,252.998,20.6,251.638,20.5,0.6
2017-09-26,0.196,252.997,20.6,251.63099999999997,20.5,0.0
2017-09-27,0.195,252.997,20.6,251.638,20.5,0.0
2017-09-28,0.19399999999999998,252.995,20.6,251.636,20.5,0.0
2017-09-29,0.19399999999999998,252.995,20.6,251.625,20.5,0.2
2017-09-30,0.193,252.99599999999998,20.6,251.62,20.5,4.4
2017-10-01,0.195,252.99599999999998,20.58,251.613,20.5,0.0
2017-10-02,0.195,252.99599999999998,20.535999999999998,251.612,20.5,3.2
2017-10-03,0.196,253.0,20.502,251.61700000000002,20.5,22.0
2017-10-04,0.195,252.998,20.5,251.62099999999998,20.5,1.4
2017-10-05,0.19399999999999998,252.99400000000003,20.5,251.62599999999998,20.5,0.0
2017-10-06,0.19399999999999998,252.99200000000002,20.5,251.628,20.5,0.0
2017-10-07,0.193,252.99,20.5,251.62,20.5,0.0
2017-10-08,0.19399999999999998,252.99200000000002,20.5,251.62099999999998,20.5,0.2
2017-10-09,0.196,252.998,20.5,251.643,20.5,35.2
2017-10-10,0.19399999999999998,252.99400000000003,20.5,251.64,20.5,0.0
2017-10-11,0.193,252.99,20.5,251.638,20.5,0.0
2017-10-12,0.192,252.99200000000002,20.5,251.642,20.5,26.8
2017-10-13,0.192,252.99099999999999,20.5,251.637,20.5,0.4
2017-10-14,0.192,252.989,20.499000000000002,251.63400000000001,20.5,0.0
2017-10-15,0.193,252.987,20.496,251.625,20.5,66.0
2017-10-16,0.193,252.985,20.464000000000002,251.618,20.5,0.0
2017-10-17,0.192,252.983,20.43,251.615,20.499000000000002,0.4
2017-10-18,0.192,252.982,20.409000000000002,251.611,20.495,0.0
2017-10-19,0.192,252.98,20.4,251.61,20.497,0.0
2017-10-20,0.193,252.984,20.389,251.618,20.484,0.0
2017-10-21,0.19399999999999998,252.99,20.357,251.636,20.483,22.8
2017-10-22,0.19399999999999998,252.987,20.322,251.642,20.455,0.0
2017-10-23,0.19399999999999998,252.983,20.304000000000002,251.638,20.430999999999997,0.0
2017-10-24,0.193,252.979,20.3,251.62900000000002,20.428,0.2
2017-10-25,0.191,252.977,20.3,251.636,20.407,0.0
2017-10-26,0.191,252.977,20.3,251.65400000000002,20.406,7.6
2017-10-27,0.18899999999999997,252.97299999999998,20.3,251.64,20.401,0.0
2017-10-28,0.19,252.97299999999998,20.3,251.63299999999998,20.4,0.0
2017-10-29,0.191,252.97400000000002,20.3,251.635,20.4,2.2
2017-10-30,0.191,252.972,20.3,251.638,20.4,0.2
2017-10-31,0.19,252.968,20.3,251.618,20.4,2.8
2017-11-01,0.19,252.967,20.3,251.62,20.4,0.0
2017-11-02,0.19,252.965,20.3,251.61900000000003,20.4,0.0
2017-11-03,0.19,252.963,20.296,251.61700000000002,20.4,0.0
2017-11-04,0.19,252.96099999999998,20.296,251.61,20.4,0.0
2017-11-05,0.19,252.96,20.284000000000002,251.611,20.4,0.0
2017-11-06,0.19,252.96400000000003,20.279,251.62599999999998,20.393,0.0
2017-11-07,0.19,252.96400000000003,20.261,251.61900000000003,20.383,11.0
2017-11-08,0.19,252.96,20.227,251.60299999999998,20.329,0.0
2017-11-09,0.19,252.959,20.215999999999998,251.59400000000002,20.304000000000002,0.0
2017-11-10,0.19,252.956,20.195999999999998,251.59099999999998,20.3,0.0
2017-11-11,0.19,252.955,20.186,251.592,20.3,0.0
2017-11-12,0.19,252.954,20.146,251.595,20.3,0.0
2017-11-13,0.19,252.953,20.117,251.59599999999998,20.3,0.0
2017-11-14,0.19,252.952,20.105,251.597,20.3,0.0
2017-11-15,0.18899999999999997,252.95,20.102999999999998,251.6,20.3,1.4
2017-11-16,0.18899999999999997,252.951,20.1,251.606,20.3,0.2
2017-11-17,0.19,252.955,20.1,251.615,20.3,9.8
2017-11-18,0.19699999999999998,252.97299999999998,20.1,251.65,20.3,6.8
2017-11-19,0.193,252.972,20.099,251.649,20.3,5.2
2017-11-20,0.192,252.967,20.099,251.645,20.3,1.4
2017-11-21,0.191,252.965,20.094,251.644,20.3,0.0
2017-11-22,0.192,252.96400000000003,20.081,251.649,20.3,0.0
2017-11-23,0.191,252.963,20.064,251.649,20.3,0.0
2017-11-24,0.19,252.96200000000002,20.026,251.645,20.3,12.6
2017-11-25,0.19,252.96099999999998,20.000999999999998,251.645,20.3,0.0
2017-11-26,0.19,252.96,20.000999999999998,251.643,20.3,0.0
2017-11-27,0.19,252.96099999999998,20.0,251.639,20.3,0.0
2017-11-28,0.191,252.96099999999998,20.0,251.635,20.3,0.2
2017-11-29,0.19,252.96,20.0,251.63299999999998,20.3,0.0
2017-11-30,0.19,252.963,20.0,251.642,20.3,19.6
2017-12-01,0.19,252.96200000000002,20.0,251.642,20.3,1.6
2017-12-02,0.19,252.965,20.0,251.65400000000002,20.3,0.2
2017-12-03,0.191,252.968,20.0,251.65599999999998,20.3,36.6
2017-12-04,0.191,252.96400000000003,20.0,251.65400000000002,20.3,0.0
2017-12-05,0.19,252.96099999999998,20.0,251.65599999999998,20.3,0.0
2017-12-06,0.19,252.958,20.0,251.65,20.3,0.0
2017-12-07,0.19,252.953,19.994,251.641,20.3,0.0
2017-12-08,0.18899999999999997,252.949,19.989,251.63400000000001,20.3,0.0
2017-12-09,0.18899999999999997,252.946,19.967,251.615,20.3,0.0
2017-12-10,0.19,252.94299999999998,19.959,251.606,20.298,0.0
2017-12-11,0.19,252.942,19.942999999999998,251.606,20.3,0.0
2017-12-12,0.19,252.94,19.923,251.606,20.3,0.0
2017-12-13,0.19,252.938,19.903,251.607,20.3,0.0
2017-12-14,0.19,252.93599999999998,19.874000000000002,251.61,20.3,0.0
2017-12-15,0.18899999999999997,252.93400000000003,19.868,251.607,20.3,0.0
2017-12-16,0.18899999999999997,252.933,19.855,251.6,20.3,0.0
2017-12-17,0.18899999999999997,252.93099999999998,19.844,251.595,20.3,0.4
2017-12-18,0.18899999999999997,252.93099999999998,19.820999999999998,251.59599999999998,20.3,0.8
2017-12-19,0.18899999999999997,252.93,19.819000000000003,251.59900000000002,20.3,0.0
2017-12-20,0.188,252.92700000000002,19.808,251.59799999999998,20.3,0.0
2017-12-21,0.187,252.926,19.8,251.58700000000002,20.299,1.4
2017-12-22,0.188,252.92700000000002,19.8,251.583,20.298,0.8
2017-12-23,0.188,252.923,19.801,251.58700000000002,20.299,0.0
2017-12-24,0.187,252.919,19.8,251.58900000000003,20.293,0.0
2017-12-25,0.188,252.916,19.8,251.58700000000002,20.283,0.2
2017-12-26,0.18899999999999997,252.91299999999998,19.8,251.579,20.277,0.0
2017-12-27,0.18899999999999997,252.91,19.8,251.575,20.281,8.8
2017-12-28,0.18899999999999997,252.907,19.8,251.57,20.278,0.0
2017-12-29,0.18899999999999997,252.905,19.8,251.57299999999998,20.265,0.0
2017-12-30,0.18899999999999997,252.90599999999998,19.8,251.583,20.254,9.8
2017-12-31,0.188,252.90400000000002,19.8,251.583,20.242,1.0
2018-01-01,0.188,252.90099999999998,19.8,251.58599999999998,20.246,0.0
2018-01-02,0.188,252.89700000000002,19.8,251.58700000000002,20.230999999999998,0.0
2018-01-03,0.187,252.892,19.8,251.575,20.217,0.0
2018-01-04,0.187,252.887,19.8,251.56,20.223,0.0
2018-01-05,0.188,252.88299999999998,19.8,251.555,20.218,0.0
2018-01-06,0.188,252.87900000000002,19.8,251.549,20.207,0.0
2018-01-07,0.18899999999999997,252.87400000000002,19.8,251.549,20.213,1.4
2018-01-08,0.188,252.87,19.8,251.55,20.203,0.0
2018-01-09,0.187,252.863,19.8,251.55,20.201,0.0
2018-01-10,0.187,252.858,19.8,251.548,20.203,8.0
2018-01-11,0.187,252.857,19.8,251.546,20.201,13.4
2018-01-12,0.187,252.855,19.8,251.55599999999998,20.203,14.0
2018-01-13,0.187,252.851,19.8,251.56599999999997,20.2,0.0
2018-01-14,0.188,252.845,19.799,251.55599999999998,20.201,0.0
2018-01-15,0.18899999999999997,252.84,19.798,251.54,20.199,0.0
2018-01-16,0.18899999999999997,252.835,19.793,251.532,20.2,0.0
2018-01-17,0.188,252.829,19.796,251.52700000000002,20.2,0.0
2018-01-18,0.185,252.824,19.793,251.525,20.2,0.0
2018-01-19,0.185,252.81900000000002,19.778,251.52900000000002,20.2,0.0
2018-01-20,0.18600000000000003,252.813,19.775,251.533,20.2,0.0
2018-01-21,0.18600000000000003,252.808,19.785999999999998,251.53099999999998,20.199,0.0
2018-01-22,0.18600000000000003,252.80200000000002,19.782,251.53,20.198,0.0
2018-01-23,0.18600000000000003,252.796,19.783,251.52700000000002,20.198,0.0
2018-01-24,0.18600000000000003,252.78900000000002,19.778,251.52599999999998,20.2,0.0
2018-01-25,0.185,252.783,19.785,251.523,20.199,6.2
2018-01-26,0.185,252.78599999999997,19.777,251.533,20.198,22.2
2018-01-27,0.185,252.78099999999998,19.771,251.53099999999998,20.195999999999998,5.0
2018-01-28,0.184,252.77700000000002,19.777,251.528,20.19,1.6
2018-01-29,0.185,252.774,19.771,251.52900000000002,20.192999999999998,12.6
2018-01-30,0.184,252.769,19.768,251.533,20.185,0.0
2018-01-31,0.184,252.764,19.768,251.53099999999998,20.182000000000002,0.0
2018-02-01,0.184,252.76,19.764,251.515,20.187,0.0
2018-02-02,0.184,252.76,19.74,251.51,20.179000000000002,15.8
2018-02-03,0.184,252.75799999999998,19.750999999999998,251.503,20.18,0.0
2018-02-04,0.184,252.753,19.768,251.49400000000003,20.178,2.8
2018-02-05,0.183,252.748,19.772000000000002,251.49200000000002,20.173,0.0
2018-02-06,0.182,252.743,19.776,251.49099999999999,20.178,0.0
2018-02-07,0.182,252.736,19.776,251.485,20.171,0.0
2018-02-08,0.182,252.73,19.772000000000002,251.484,20.168,0.0
2018-02-09,0.183,252.72400000000002,19.779,251.488,20.164,0.0
2018-02-10,0.183,252.718,19.750999999999998,251.498,20.167,0.2
2018-02-11,0.183,252.71099999999998,19.708,251.5,20.172,0.0
2018-02-12,0.182,252.705,19.734,251.49400000000003,20.168,0.4
2018-02-13,0.18,252.7,19.750999999999998,251.487,20.168,0.2
2018-02-14,0.179,252.69299999999998,19.767,251.482,20.159000000000002,0.0
2018-02-15,0.17800000000000002,252.687,19.785999999999998,251.476,20.147000000000002,0.0
2018-02-16,0.179,252.68,19.798,251.476,20.167,0.0
2018-02-17,0.17800000000000002,252.673,19.8,251.47299999999998,20.16,0.0
2018-02-18,0.179,252.668,19.8,251.47,20.154,0.0
2018-02-19,0.179,252.662,19.8,251.47299999999998,20.148,7.6
2018-02-20,0.18,252.66,19.8,251.46900000000002,20.141,0.6
2018-02-21,0.18,252.65599999999998,19.8,251.46,20.157,0.0
2018-02-22,0.179,252.65,19.8,251.458,20.168,0.0
2018-02-23,0.18,252.644,19.8,251.456,20.164,0.0
2018-02-24,0.18,252.641,19.8,251.46,20.167,5.0
2018-02-25,0.18,252.64,19.8,251.47299999999998,20.16,2.2
2018-02-26,0.182,252.665,19.8,251.485,20.159000000000002,9.2
2018-02-27,0.18100000000000002,252.671,19.8,251.472,20.160999999999998,0.8
2018-02-28,0.18,252.66400000000002,19.8,251.47,20.156,0.0
2018-03-01,0.179,252.65599999999998,19.8,251.47299999999998,20.169,0.0
2018-03-02,0.17800000000000002,252.646,19.8,251.46900000000002,20.164,0.0
2018-03-03,0.17800000000000002,252.638,19.8,251.465,20.171,0.0
2018-03-04,0.17800000000000002,252.632,19.8,251.455,20.174,2.6
2018-03-05,0.179,252.63400000000001,19.8,251.456,20.17,7.2
2018-03-06,0.18100000000000002,252.645,19.801,251.455,20.167,62.4
2018-03-07,0.18,252.644,19.801,251.44400000000002,20.177,2.4
2018-03-08,0.17800000000000002,252.635,19.817999999999998,251.438,20.172,0.0
2018-03-09,0.177,252.63,19.854,251.43200000000002,20.186,0.0
2018-03-10,0.177,252.625,19.882,251.42700000000002,20.175,0.0
2018-03-11,0.177,252.62,19.899,251.428,20.183,0.0
2018-03-12,0.177,252.615,19.9,251.43200000000002,20.182000000000002,0.0
2018-03-13,0.17600000000000002,252.61,19.9,251.428,20.188,0.0
2018-03-14,0.175,252.604,19.901,251.424,20.175,0.0
2018-03-15,0.175,252.6,19.917,251.425,20.185,0.0
2018-03-16,0.16899999999999998,252.59400000000002,19.948,251.419,20.192,0.0
2018-03-17,0.154,252.58700000000002,19.968,251.412,20.192999999999998,0.0
2018-03-18,0.16,252.582,19.991,251.41,20.197,0.0
2018-03-19,0.158,252.577,19.996,251.40599999999998,20.198,0.0
2018-03-20,0.14800000000000002,252.571,20.0,251.399,20.199,0.0
2018-03-21,0.145,252.567,20.0,251.39,20.2,0.0
2018-03-22,0.13699999999999998,252.56099999999998,20.0,251.387,20.2,2.2
2018-03-23,0.134,252.55700000000002,20.0,251.387,20.2,1.0
2018-03-24,0.132,252.553,20.0,251.387,20.2,0.2
2018-03-25,0.131,252.549,20.0,251.395,20.2,0.0
2018-03-26,0.12300000000000001,252.544,20.0,251.39700000000002,20.2,1.0
2018-03-27,0.12300000000000001,252.541,20.0,251.387,20.2,0.2
2018-03-28,0.11800000000000001,252.537,20.0,251.37900000000002,20.2,0.0
2018-03-29,0.11199999999999999,252.533,20.0,251.37900000000002,20.2,0.0
2018-03-30,0.102,252.52700000000002,20.0,251.377,20.2,0.0
2018-03-31,0.095,252.524,20.0,251.37099999999998,20.2,0.0
2018-04-01,0.087,252.519,20.0,251.36700000000002,20.2,0.0
2018-04-02,0.08,252.514,20.0,251.365,20.201,0.0
2018-04-03,0.079,252.51,20.0,251.359,20.201,0.0
2018-04-04,0.079,252.505,20.0,251.357,20.2,0.0
2018-04-05,0.079,252.50099999999998,20.0,251.357,20.204,0.0
2018-04-06,0.079,252.49599999999998,20.0,251.351,20.202,0.0
2018-04-07,0.079,252.49200000000002,20.0,251.343,20.215999999999998,0.0
2018-04-08,0.079,252.487,20.0,251.33900000000003,20.208,0.0
2018-04-09,0.079,252.482,20.0,251.33900000000003,20.214000000000002,0.0
2018-04-10,0.079,252.47799999999998,20.003,251.33599999999998,20.236,0.0
2018-04-11,0.079,252.47400000000002,20.04,251.331,20.243,0.0
2018-04-12,0.079,252.46900000000002,20.098,251.33,20.275,0.0
2018-04-13,0.079,252.46599999999998,20.1,251.335,20.275,0.0
2018-04-14,0.079,252.463,20.1,251.351,20.288,5.4
2018-04-15,0.079,252.46,20.1,251.34599999999998,20.291,5.6
2018-04-16,0.079,252.457,20.1,251.333,20.293,0.0
2018-04-17,0.079,252.453,20.1,251.325,20.298,0.0
2018-04-18,0.079,252.45,20.1,251.31799999999998,20.299,0.0
2018-04-19,0.079,252.447,20.1,251.315,20.299,0.0
2018-04-20,0.079,252.44400000000002,20.1,251.31400000000002,20.3,28.4
2018-04-21,0.079,252.44,20.1,251.31099999999998,20.3,0.0
2018-04-22,0.079,252.437,20.101,251.30700000000002,20.3,0.0
2018-04-23,0.079,252.43400000000003,20.127,251.30700000000002,20.3,0.0
2018-04-24,0.079,252.43,20.163,251.30599999999998,20.3,0.0
2018-04-25,0.079,252.426,20.2,251.31,20.3,0.0
2018-04-26,0.079,252.423,20.2,251.305,20.3,0.0
2018-04-27,0.079,252.42,20.2,251.292,20.3,0.0
2018-04-28,0.079,252.416,20.201,251.285,20.3,0.2
2018-04-29,0.079,252.41299999999998,20.218,251.28099999999998,20.3,0.0
2018-04-30,0.079,252.40900000000002,20.273,251.27599999999998,20.3,0.2
2018-05-01,0.079,252.40599999999998,20.299,251.27200000000002,20.3,0.0
2018-05-02,0.079,252.403,20.3,251.27700000000002,20.3,0.0
2018-05-03,0.079,252.4,20.3,251.278,20.3,0.0
2018-05-04,0.079,252.39700000000002,20.3,251.27700000000002,20.3,0.0
2018-05-05,0.079,252.393,20.3,251.257,20.3,0.0
2018-05-06,0.079,252.391,20.3,251.252,20.3,0.0
2018-05-07,0.079,252.388,20.3,251.257,20.3,0.0
2018-05-08,0.079,252.385,20.3,251.26,20.3,0.0
2018-05-09,0.079,252.38299999999998,20.3,251.261,20.3,0.0
2018-05-10,0.079,252.37900000000002,20.3,251.271,20.3,0.0
2018-05-11,0.079,252.377,20.3,251.263,20.3,0.0
2018-05-12,0.079,252.37400000000002,20.3,251.25900000000001,20.3,0.2
2018-05-13,0.079,252.372,20.3,251.24900000000002,20.3,0.0
2018-05-14,0.079,252.37,20.3,251.24200000000002,20.3,0.2
2018-05-15,0.079,252.36700000000002,20.3,251.24,20.3,0.2
2018-05-16,0.079,252.364,20.3,251.235,20.3,0.0
2018-05-17,0.079,252.362,20.3,251.231,20.3,0.0
2018-05-18,0.079,252.36,20.3,251.233,20.3,0.0
2018-05-19,0.079,252.357,20.3,251.232,20.3,0.0
2018-05-20,0.079,252.354,20.3,251.226,20.3,0.0
2018-05-21,0.079,252.352,20.3,251.222,20.3,0.0
2018-05-22,0.079,252.34900000000002,20.301,251.22,20.3,0.0
2018-05-23,0.079,252.34799999999998,20.344,251.218,20.3,0.0
2018-05-24,0.079,252.345,20.371,251.21599999999998,20.3,0.0
2018-05-25,0.079,252.342,20.395,251.21,20.3,0.0
2018-05-26,0.079,252.34,20.399,251.202,20.3,0.0
2018-05-27,0.079,252.33700000000002,20.4,251.202,20.3,0.0
2018-05-28,0.079,252.334,20.4,251.205,20.3,0.0
2018-05-29,0.079,252.333,20.4,251.21,20.3,0.0
2018-05-30,0.079,252.331,20.403,251.207,20.3,3.0
2018-05-31,0.079,252.329,20.406,251.19799999999998,20.3,0.0
2018-06-01,0.079,252.327,20.44,251.197,20.3,0.2
2018-06-02,0.079,252.325,20.474,251.202,20.3,0.0
2018-06-03,0.079,252.32299999999998,20.491999999999997,251.203,20.3,0.0
2018-06-04,0.079,252.32,20.5,251.199,20.3,0.0
2018-06-05,0.079,252.31799999999998,20.5,251.188,20.3,0.2
2018-06-06,0.079,252.317,20.5,251.17700000000002,20.3,0.2
2018-06-07,0.079,252.31400000000002,20.5,251.172,20.3,0.4
2018-06-08,0.079,252.312,20.5,251.175,20.3,0.0
2018-06-09,0.079,252.31099999999998,20.5,251.179,20.3,1.6
2018-06-10,0.079,252.30900000000003,20.5,251.17700000000002,20.3,1.6
2018-06-11,0.079,252.30700000000002,20.5,251.178,20.3,0.2
2018-06-12,0.079,252.304,20.5,251.18900000000002,20.3,0.0
2018-06-13,0.079,252.303,20.5,251.188,20.3,0.2
2018-06-14,0.079,252.301,20.5,251.175,20.3,0.0
2018-06-15,0.079,252.299,20.5,251.166,20.3,0.0
2018-06-16,0.079,252.296,20.5,251.166,20.3,0.0
2018-06-17,0.079,252.294,20.5,251.16400000000002,20.3,0.0
2018-06-18,0.079,252.291,20.5,251.15900000000002,20.3,0.2
2018-06-19,0.079,252.28900000000002,20.5,251.15200000000002,20.3,0.6
2018-06-20,0.079,252.28799999999998,20.5,251.144,20.3,0.2
2018-06-21,0.079,252.28599999999997,20.5,251.14,20.3,0.0
2018-06-22,0.079,252.28400000000002,20.5,251.137,20.3,0.0
2018-06-23,0.079,252.28099999999998,20.5,251.137,20.3,0.0
2018-06-24,0.079,252.27900000000002,20.5,251.136,20.302,0.0
2018-06-25,0.079,252.27599999999998,20.5,251.128,20.304000000000002,0.0
2018-06-26,0.079,252.274,20.5,251.12099999999998,20.305,0.0
2018-06-27,0.079,252.273,20.5,251.12400000000002,20.319000000000003,0.0
2018-06-28,0.079,252.27200000000002,20.5,251.13299999999998,20.326,9.2
2018-06-29,0.079,252.271,20.5,251.13400000000001,20.340999999999998,2.0
2018-06-30,0.079,252.269,20.5,251.127,20.352,0.2
2018-07-01,0.079,252.268,20.5,251.11900000000003,20.355,0.6
2018-07-02,0.079,252.267,20.5,251.118,20.371,3.2
2018-07-03,0.079,252.266,20.5,251.11700000000002,20.389,0.6
2018-07-04,0.079,252.264,20.500999999999998,251.11599999999999,20.389,0.0
2018-07-05,0.079,252.261,20.500999999999998,251.12,20.39,0.0
2018-07-06,0.079,252.25799999999998,20.505,251.13099999999997,20.393,1.2
2018-07-07,0.079,252.25799999999998,20.521,251.125,20.395,0.0
2018-07-08,0.079,252.255,20.524,251.108,20.398,0.4
2018-07-09,0.079,252.252,20.546999999999997,251.102,20.399,0.0
2018-07-10,0.079,252.25099999999998,20.558000000000003,251.09900000000002,20.4,0.0
2018-07-11,0.079,252.248,20.548000000000002,251.101,20.4,0.0
2018-07-12,0.079,252.245,20.541999999999998,251.105,20.4,0.0
2018-07-13,0.079,252.243,20.539,251.10299999999998,20.4,0.0
2018-07-14,0.079,252.24200000000002,20.555,251.101,20.4,0.0
2018-07-15,0.079,252.239,20.574,251.10299999999998,20.4,0.0
2018-07-16,0.079,252.237,20.58,251.10299999999998,20.4,0.0
2018-07-17,0.079,252.235,20.58,251.09400000000002,20.4,0.0
2018-07-18,0.079,252.232,20.581,251.09,20.4,0.0
2018-07-19,0.079,252.229,20.589000000000002,251.09099999999998,20.4,0.0
2018-07-20,0.079,252.227,20.596,251.095,20.4,0.2
2018-07-21,0.079,252.225,20.594,251.074,20.4,0.0
2018-07-22,0.079,252.222,20.594,251.07299999999998,20.4,0.0
2018-07-23,0.079,252.22,20.595,251.078,20.4,0.0
2018-07-24,0.079,252.217,20.598000000000003,251.08,20.4,0.0
2018-07-25,0.079,252.21400000000003,20.596999999999998,251.075,20.4,0.0
2018-07-26,0.079,252.21200000000002,20.599,251.072,20.4,0.0
2018-07-27,0.079,252.209,20.584,251.075,20.4,0.0
2018-07-28,0.079,252.206,20.502,251.07299999999998,20.4,0.0
2018-07-29,0.079,252.204,20.533,251.082,20.4,7.2
2018-07-30,0.079,252.203,20.555999999999997,251.06400000000002,20.4,3.4
2018-07-31,0.079,252.2,20.570999999999998,251.05900000000003,20.4,0.0
2018-08-01,0.079,252.19799999999998,20.578000000000003,251.05599999999998,20.4,0.0
2018-08-02,0.079,252.196,20.589000000000002,251.05200000000002,20.4,0.0
2018-08-03,0.079,252.19299999999998,20.59,251.05900000000003,20.4,0.0
2018-08-04,0.079,252.19,20.596,251.054,20.4,1.0
2018-08-05,0.079,252.188,20.593000000000004,251.05700000000002,20.401,0.0
2018-08-06,0.079,252.18599999999998,20.590999999999998,251.06900000000002,20.401,5.8
2018-08-07,0.079,252.185,20.581999999999997,251.058,20.405,7.6
2018-08-08,0.079,252.18400000000003,20.569000000000003,251.049,20.417,0.0
2018-08-09,0.079,252.18200000000002,20.544,251.03900000000002,20.414,0.0
2018-08-10,0.079,252.18,20.537,251.03900000000002,20.44,0.0
2018-08-11,0.079,252.178,20.524,251.05,20.455,0.0
2018-08-12,0.079,252.175,20.514,251.035,20.464000000000002,0.0
2018-08-13,0.079,252.172,20.51,251.021,20.476,0.0
2018-08-14,0.079,252.169,20.503,251.02,20.477999999999998,0.0
2018-08-15,0.079,252.167,20.5,251.02900000000002,20.493000000000002,0.0
2018-08-16,0.079,252.165,20.5,251.03599999999997,20.493000000000002,0.0
2018-08-17,0.079,252.162,20.5,251.03,20.498,0.0
2018-08-18,0.079,252.15900000000002,20.5,251.02599999999998,20.498,0.0
2018-08-19,0.079,252.15599999999998,20.5,251.015,20.498,0.0
2018-08-20,0.079,252.153,20.5,251.007,20.5,0.0
2018-08-21,0.079,252.15099999999998,20.5,251.01,20.497,0.0
2018-08-22,0.079,252.149,20.5,251.012,20.499000000000002,0.0
2018-08-23,0.079,252.14700000000002,20.5,251.007,20.5,0.0
2018-08-24,0.079,252.144,20.5,251.002,20.5,0.0
2018-08-25,0.079,252.142,20.5,251.002,20.5,3.2
2018-08-26,0.079,252.141,20.5,251.016,20.5,36.2
2018-08-27,0.079,252.141,20.5,251.01,20.5,6.8
2018-08-28,0.079,252.139,20.5,251.00799999999998,20.5,0.0
2018-08-29,0.079,252.137,20.5,251.005,20.5,0.0
2018-08-30,0.079,252.135,20.5,251.00400000000002,20.5,0.0
2018-08-31,0.079,252.13299999999998,20.5,251.021,20.5,0.0
2018-09-01,0.079,252.13099999999997,20.5,251.011,20.5,7.0
2018-09-02,0.079,252.12900000000002,20.5,250.998,20.5,0.2
2018-09-03,0.079,252.127,20.5,250.987,20.5,0.0
2018-09-04,0.079,252.125,20.5,250.984,20.5,0.0
2018-09-05,0.079,252.12400000000002,20.5,250.989,20.5,5.6
2018-09-06,0.079,252.123,20.5,250.995,20.5,1.0
2018-09-07,0.079,252.12099999999998,20.5,251.00400000000002,20.5,3.4
2018-09-08,0.079,252.12099999999998,20.5,250.997,20.5,1.6
2018-09-09,0.079,252.11900000000003,20.5,250.97799999999998,20.5,0.2
2018-09-10,0.079,252.11700000000002,20.5,250.96900000000002,20.5,0.0
2018-09-11,0.079,252.114,20.5,250.972,20.5,0.0
2018-09-12,0.079,252.112,20.494,250.976,20.5,0.0
2018-09-13,0.079,252.109,20.47,250.972,20.5,0.0
2018-09-14,0.079,252.106,20.416,250.96900000000002,20.5,0.0
2018-09-15,0.079,252.104,20.403,250.97799999999998,20.5,0.0
2018-09-16,0.079,252.1,20.4,250.959,20.5,0.0
2018-09-17,0.079,252.097,20.399,250.949,20.5,0.0
2018-09-18,0.079,252.09400000000002,20.393,250.953,20.5,0.0
2018-09-19,0.079,252.09099999999998,20.387999999999998,250.96200000000002,20.5,0.0
2018-09-20,0.079,252.08900000000003,20.335,250.945,20.5,0.0
2018-09-21,0.079,252.08599999999998,20.319000000000003,250.926,20.5,0.0
2018-09-22,0.079,252.082,20.313,250.922,20.5,0.0
2018-09-23,0.079,252.08,20.3,250.926,20.5,0.0
2018-09-24,0.079,252.076,20.3,250.926,20.5,0.0
2018-09-25,0.079,252.07299999999998,20.3,250.921,20.5,0.2
2018-09-26,0.079,252.071,20.3,250.92700000000002,20.5,2.0
2018-09-27,0.079,252.06799999999998,20.3,250.92700000000002,20.5,4.8
2018-09-28,0.079,252.065,20.3,250.92700000000002,20.5,0.2
2018-09-29,0.079,252.062,20.3,250.917,20.5,0.0
2018-09-30,0.079,252.05900000000003,20.3,250.90400000000002,20.5,0.0
2018-10-01,0.079,252.05700000000002,20.3,250.899,20.5,0.0
2018-10-02,0.079,252.053,20.3,250.90099999999998,20.5,0.0
2018-10-03,0.079,252.05,20.3,250.91,20.5,0.0
2018-10-04,0.079,252.047,20.3,250.916,20.5,0.2
2018-10-05,0.079,252.045,20.3,250.91299999999998,20.5,14.4
2018-10-06,0.079,252.044,20.243,250.908,20.5,6.0
2018-10-07,0.079,252.042,20.205,250.905,20.498,0.0
2018-10-08,0.079,252.03900000000002,20.2,250.907,20.499000000000002,0.0
2018-10-09,0.079,252.035,20.191,250.91,20.499000000000002,0.0
2018-10-10,0.079,252.032,20.171,250.91,20.5,0.0
2018-10-11,0.079,252.028,20.142,250.898,20.5,1.6
2018-10-12,0.079,252.02599999999998,20.102,250.887,20.499000000000002,18.4
2018-10-13,0.079,252.024,20.105,250.88400000000001,20.499000000000002,2.4
2018-10-14,0.079,252.02,20.1,250.88,20.499000000000002,0.0
2018-10-15,0.079,252.017,20.1,250.88,20.49,2.4
2018-10-16,0.08,252.013,20.1,250.88299999999998,20.494,0.2
2018-10-17,0.08,252.011,20.1,250.889,20.488000000000003,1.4
2018-10-18,0.08,252.01,20.1,250.888,20.480999999999998,0.4
2018-10-19,0.08,252.007,20.1,250.88299999999998,20.479,0.4
2018-10-20,0.08,252.00400000000002,20.1,250.887,20.462,0.4
2018-10-21,0.08,252.007,20.098,250.90099999999998,20.471,44.0
2018-10-22,0.08,252.011,20.084,250.90099999999998,20.455,0.2
2018-10-23,0.08,252.01,20.074,250.898,20.447,0.0
2018-10-24,0.08,252.00799999999998,20.055999999999997,250.893,20.438,0.0
2018-10-25,0.08,252.005,20.03,250.888,20.426,0.0
2018-10-26,0.08,252.002,20.011,250.885,20.417,0.0
2018-10-27,0.08,251.998,20.002,250.887,20.415,0.0
2018-10-28,0.08,251.995,20.0,250.88099999999997,20.405,0.0
2018-10-29,0.08,251.993,20.0,250.873,20.414,0.0
2018-10-30,0.08,251.989,20.0,250.86,20.404,0.0
2018-10-31,0.08,251.986,20.0,250.855,20.404,0.0
2018-11-01,0.08,251.982,20.0,250.84799999999998,20.402,0.0
2018-11-02,0.08,251.979,20.0,250.845,20.401,0.0
2018-11-03,0.08,251.975,20.0,250.854,20.401,3.2
2018-11-04,0.08,251.97099999999998,20.0,250.857,20.4,0.0
2018-11-05,0.08,251.96599999999998,20.0,250.856,20.402,0.0
2018-11-06,0.08,251.963,20.0,250.858,20.4,0.0
2018-11-07,0.08,251.96,20.0,250.857,20.4,1.4
2018-11-08,0.08,251.959,20.0,250.84599999999998,20.4,31.8
2018-11-09,0.08,251.956,20.0,250.83700000000002,20.4,0.0
2018-11-10,0.08,251.954,20.0,250.83900000000003,20.4,0.0
2018-11-11,0.08,251.95,20.0,250.832,20.399,0.0
2018-11-12,0.08,251.947,20.0,250.826,20.4,0.0
2018-11-13,0.08,251.94400000000002,20.0,250.826,20.4,0.0
2018-11-14,0.08,251.94,20.0,250.82299999999998,20.4,0.0
2018-11-15,0.08,251.93599999999998,20.0,250.81900000000002,20.382,0.0
2018-11-16,0.08,251.933,20.0,250.81799999999998,20.383,0.0
2018-11-17,0.08,251.929,20.0,250.817,20.385,0.0
2018-11-18,0.08,251.925,19.999000000000002,250.80700000000002,20.349,0.0
2018-11-19,0.08,251.921,19.997,250.803,20.369,0.4
2018-11-20,0.08,251.917,19.986,250.813,20.348,0.0
2018-11-21,0.08,251.916,19.977999999999998,250.83,20.349,18.0
2018-11-22,0.08,251.92,19.969,250.845,20.339000000000002,56.8
2018-11-23,0.08,251.923,19.967,250.835,20.323,0.2
2018-11-24,0.08,251.922,19.951,250.832,20.322,0.0
2018-11-25,0.08,251.92,19.94,250.83599999999998,20.309,0.2
2018-11-26,0.08,251.917,19.932000000000002,250.829,20.304000000000002,0.6
2018-11-27,0.08,251.915,19.923,250.825,20.3,0.0
2018-11-28,0.08,251.912,19.916,250.83,20.3,4.6
2018-11-29,0.08,251.91,19.910999999999998,250.808,20.3,11.0
2018-11-30,0.08,251.907,19.910999999999998,250.799,20.3,0.0
2018-12-01,0.08,251.903,19.908,250.796,20.3,0.0
2018-12-02,0.08,251.9,19.907,250.803,20.3,0.0
2018-12-03,0.08,251.896,19.913,250.78599999999997,20.3,0.0
2018-12-04,0.08,251.892,19.906,250.77700000000002,20.3,0.0
2018-12-05,0.08,251.887,19.895,250.766,20.3,0.0
2018-12-06,0.08,251.88400000000001,19.898,250.75599999999997,20.3,0.0
2018-12-07,0.08,251.87900000000002,19.891,250.752,20.3,0.0
2018-12-08,0.08,251.875,19.895,250.75,20.3,0.0
2018-12-09,0.08,251.87099999999998,19.878,250.752,20.3,0.0
2018-12-10,0.08,251.86700000000002,19.883,250.75400000000002,20.3,0.0
2018-12-11,0.08,251.863,19.886,250.74900000000002,20.3,0.0
2018-12-12,0.08,251.86,19.883,250.75400000000002,20.3,0.6
2018-12-13,0.08,251.856,19.889,250.769,20.3,0.2
2018-12-14,0.08,251.854,19.889,250.773,20.3,41.0
2018-12-15,0.08,251.852,19.893,250.762,20.3,5.4
2018-12-16,0.08,251.84900000000002,19.889,250.755,20.3,10.6
2018-12-17,0.08,251.847,19.878,250.74900000000002,20.3,11.2
2018-12-18,0.08,251.843,19.881,250.74200000000002,20.3,0.4
2018-12-19,0.08,251.84,19.877,250.737,20.3,0.0
2018-12-20,0.08,251.83700000000002,19.873,250.745,20.3,7.0
2018-12-21,0.08,251.833,19.855999999999998,250.748,20.3,0.6
2018-12-22,0.08,251.83,19.848,250.731,20.3,0.0
2018-12-23,0.08,251.826,19.834,250.71,20.3,0.0
2018-12-24,0.08,251.822,19.834,250.703,20.3,0.0
2018-12-25,0.08,251.81799999999998,19.834,250.702,20.3,0.0
2018-12-26,0.08,251.81400000000002,19.836,250.704,20.3,0.0
2018-12-27,0.08,251.81,19.831,250.705,20.3,0.0
2018-12-28,0.08,251.80700000000002,19.824,250.701,20.3,0.0
2018-12-29,0.08,251.803,19.829,250.69400000000002,20.3,0.0
2018-12-30,0.08,251.799,19.819000000000003,250.69099999999997,20.3,0.0
2018-12-31,0.08,251.795,19.817999999999998,250.69299999999998,20.3,0.0
2019-01-01,0.08,251.791,19.815,250.69299999999998,20.3,0.0
2019-01-02,0.08,251.787,19.808,250.69299999999998,20.3,0.8
2019-01-03,0.08,251.783,19.813,250.688,20.3,0.2
2019-01-04,0.08,251.78,19.805999999999997,250.68200000000002,20.3,0.0
2019-01-05,0.08,251.77700000000002,19.81,250.68,20.3,0.0
2019-01-06,0.079,251.77200000000002,19.81,250.67700000000002,20.3,0.0
2019-01-07,0.079,251.768,19.807000000000002,250.67,20.3,0.0
2019-01-08,0.079,251.765,19.805,250.669,20.3,0.0
2019-01-09,0.079,251.761,19.805999999999997,250.668,20.3,0.0
2019-01-10,0.079,251.757,19.807000000000002,250.662,20.3,0.0
2019-01-11,0.079,251.75400000000002,19.804000000000002,250.657,20.3,0.0
2019-01-12,0.079,251.75099999999998,19.809,250.653,20.3,0.0
2019-01-13,0.079,251.748,19.815,250.653,20.3,0.0
2019-01-14,0.079,251.74400000000003,19.809,250.648,20.3,0.0
2019-01-15,0.079,251.74,19.812,250.65,20.3,0.0
2019-01-16,0.079,251.736,19.81,250.65400000000002,20.3,0.0
2019-01-17,0.079,251.733,19.817,250.65,20.3,0.0
2019-01-18,0.079,251.729,19.815,250.643,20.3,0.0
2019-01-19,0.079,251.72400000000002,19.823,250.63400000000001,20.3,0.0
2019-01-20,0.079,251.72,19.824,250.63099999999997,20.3,1.2
2019-01-21,0.079,251.71900000000002,19.836,250.636,20.3,3.6
2019-01-22,0.079,251.718,19.845,250.639,20.3,0.4
2019-01-23,0.079,251.717,19.87,250.649,20.3,7.2
2019-01-24,0.079,251.718,19.873,250.64700000000002,20.3,0.4
2019-01-25,0.079,251.717,19.887999999999998,250.643,20.3,0.2
2019-01-26,0.079,251.71400000000003,19.892,250.644,20.3,0.0
2019-01-27,0.079,251.71099999999998,19.897000000000002,250.641,20.3,8.6
2019-01-28,0.079,251.707,19.899,250.63099999999997,20.3,0.2
2019-01-29,0.079,251.703,19.901,250.623,20.3,0.0
2019-01-30,0.079,251.699,19.901,250.61900000000003,20.3,0.0
2019-01-31,0.079,251.695,19.903,250.61599999999999,20.3,0.0
2019-02-01,0.079,251.69099999999997,19.903,250.61,20.3,0.0
2019-02-02,0.079,251.688,19.913,250.605,20.3,0.0
2019-02-03,0.079,251.68400000000003,19.915,250.604,20.3,0.0
2019-02-04,0.079,251.68,19.929000000000002,250.604,20.3,0.0
2019-02-05,0.079,251.675,19.94,250.60299999999998,20.3,0.0
2019-02-06,0.079,251.672,19.952,250.597,20.3,0.0
2019-02-07,0.079,251.667,19.971,250.59400000000002,20.3,0.0
2019-02-08,0.079,251.66299999999998,19.982,250.6,20.3,0.0
2019-02-09,0.079,251.66,20.0,250.605,20.3,4.0
2019-02-10,0.079,251.65599999999998,19.999000000000002,250.59400000000002,20.3,0.2
2019-02-11,0.079,251.65200000000002,20.0,250.593,20.3,0.0
2019-02-12,0.079,251.648,20.0,250.595,20.3,0.0
2019-02-13,0.079,251.644,20.0,250.58900000000003,20.3,0.0
2019-02-14,0.079,251.64,20.0,250.56599999999997,20.3,0.0
2019-02-15,0.079,251.636,20.0,250.553,20.3,0.0
2019-02-16,0.079,251.63299999999998,20.0,250.554,20.3,0.0
2019-02-17,0.079,251.62900000000002,20.0,250.55900000000003,20.3,0.0
2019-02-18,0.079,251.62599999999998,20.0,250.563,20.3,0.0
2019-02-19,0.079,251.622,20.0,250.567,20.3,0.0
2019-02-20,0.079,251.618,20.0,250.565,20.3,0.0
2019-02-21,0.079,251.615,20.0,250.554,20.3,0.0
2019-02-22,0.079,251.611,20.0,250.541,20.3,0.2
2019-02-23,0.079,251.608,20.0,250.53,20.3,0.0
2019-02-24,0.079,251.604,20.0,250.519,20.3,0.0
2019-02-25,0.079,251.6,20.0,250.515,20.3,0.0
2019-02-26,0.079,251.597,20.0,250.519,20.3,0.0
2019-02-27,0.079,251.59400000000002,20.0,250.519,20.3,0.0
2019-02-28,0.079,251.59,20.0,250.512,20.3,0.0
2019-03-01,0.079,251.58700000000002,20.0,250.50900000000001,20.3,0.0
2019-03-02,0.079,251.583,20.0,250.507,20.3,0.0
2019-03-03,0.079,251.58,20.0,250.505,20.3,0.0
2019-03-04,0.079,251.576,20.0,250.505,20.3,0.0
2019-03-05,0.079,251.57299999999998,20.0,250.50900000000001,20.3,0.0
2019-03-06,0.079,251.56900000000002,20.0,250.514,20.3,0.0
2019-03-07,0.079,251.56599999999997,20.0,250.50400000000002,20.3,0.0
2019-03-08,0.079,251.562,20.0,250.495,20.3,0.0
2019-03-09,0.079,251.55900000000003,20.0,250.49400000000003,20.3,4.6
2019-03-10,0.079,251.55599999999998,20.0,250.50099999999998,20.3,0.6
2019-03-11,0.079,251.55200000000002,20.0,250.505,20.3,0.0
2019-03-12,0.079,251.55,20.0,250.505,20.3,1.2
2019-03-13,0.079,251.546,20.0,250.49599999999998,20.3,0.0
2019-03-14,0.079,251.542,20.0,250.493,20.3,0.0
2019-03-15,0.079,251.53900000000002,20.0,250.49,20.3,0.0
2019-03-16,0.079,251.53599999999997,20.0,250.481,20.3,0.0
2019-03-17,0.079,251.53400000000002,20.0,250.485,20.3,4.6
2019-03-18,0.079,251.537,20.0,250.49099999999999,20.3,3.2
2019-03-19,0.079,251.53799999999998,20.000999999999998,250.493,20.3,1.2
2019-03-20,0.079,251.537,20.011,250.488,20.3,0.0
2019-03-21,0.079,251.535,20.028,250.482,20.3,0.0
2019-03-22,0.079,251.532,20.066,250.476,20.3,0.0
2019-03-23,0.079,251.52900000000002,20.090999999999998,250.477,20.3,3.0
2019-03-24,0.079,251.52599999999998,20.098,250.476,20.3,0.6
2019-03-25,0.079,251.523,20.1,250.468,20.3,0.6
2019-03-26,0.079,251.521,20.1,250.458,20.3,0.0
2019-03-27,0.079,251.518,20.1,250.45,20.3,0.0
2019-03-28,0.079,251.515,20.1,250.45,20.3,0.4
2019-03-29,0.079,251.512,20.1,250.459,20.3,1.4
2019-03-30,0.079,251.576,20.1,250.52,20.3,49.0
2019-03-31,0.43799999999999994,251.875,20.1,250.537,20.3,1.6
2019-04-01,0.114,251.97400000000002,20.1,250.52900000000002,20.3,0.0
2019-04-02,0.079,251.987,20.1,250.519,20.3,0.0
2019-04-03,0.079,251.981,20.1,250.512,20.3,0.0
2019-04-04,0.079,251.972,20.1,250.505,20.3,0.0
2019-04-05,0.079,251.96200000000002,20.1,250.503,20.3,0.0
2019-04-06,0.079,251.953,20.1,250.50400000000002,20.3,0.0
2019-04-07,0.079,251.94400000000002,20.1,250.505,20.3,0.0
2019-04-08,0.079,251.935,20.1,250.505,20.3,0.0
2019-04-09,0.079,251.92700000000002,20.1,250.50599999999997,20.3,0.0
2019-04-10,0.079,251.917,20.1,250.49400000000003,20.3,0.0
2019-04-11,0.079,251.908,20.1,250.484,20.3,0.0
2019-04-12,0.079,251.90099999999998,20.1,250.476,20.3,0.0
2019-04-13,0.079,251.893,20.1,250.47299999999998,20.3,0.0
2019-04-14,0.079,251.886,20.1,250.47299999999998,20.3,0.0
2019-04-15,0.079,251.878,20.1,250.47,20.3,0.0
2019-04-16,0.079,251.87099999999998,20.104,250.465,20.3,0.0
2019-04-17,0.079,251.863,20.134,250.463,20.3,0.0
2019-04-18,0.079,251.856,20.182000000000002,250.458,20.3,0.0
2019-04-19,0.079,251.84799999999998,20.199,250.453,20.3,0.0
2019-04-20,0.079,251.84099999999998,20.2,250.455,20.3,0.0
2019-04-21,0.079,251.833,20.2,250.456,20.3,6.4
2019-04-22,0.079,251.826,20.2,250.453,20.3,0.2
2019-04-23,0.079,251.81799999999998,20.207,250.447,20.3,0.0
2019-04-24,0.079,251.81099999999998,20.243,250.445,20.3,0.0
2019-04-25,0.079,251.804,20.292,250.44799999999998,20.3,0.0
2019-04-26,0.079,251.797,20.3,250.453,20.3,0.0
2019-04-27,0.079,251.78900000000002,20.3,250.44099999999997,20.3,0.0
2019-04-28,0.079,251.78099999999998,20.3,250.43599999999998,20.3,0.0
2019-04-29,0.079,251.774,20.3,250.435,20.3,0.0
2019-04-30,0.079,251.767,20.3,250.435,20.3,0.0
2019-05-01,0.079,251.76,20.3,250.433,20.3,1.8
2019-05-02,0.079,251.755,20.3,250.42700000000002,20.3,3.0
2019-05-03,0.079,251.75,20.3,250.433,20.3,0.0
2019-05-04,0.085,251.81900000000002,20.3,250.487,20.3,40.0
2019-05-05,0.384,252.03400000000002,20.3,250.50400000000002,20.3,0.2
2019-05-06,0.134,252.108,20.3,250.503,20.301,0.0
2019-05-07,0.079,252.115,20.3,250.5,20.302,0.0
2019-05-08,0.079,252.106,20.3,250.497,20.303,0.0
2019-05-09,0.079,252.09400000000002,20.3,250.49200000000002,20.301,0.2
2019-05-10,0.079,252.084,20.3,250.49,20.305999999999997,0.0
2019-05-11,0.079,252.072,20.3,250.47099999999998,20.314,1.2
2019-05-12,0.079,252.062,20.3,250.46400000000003,20.320999999999998,0.0
2019-05-13,0.079,252.053,20.3,250.46,20.33,0.2
2019-05-14,0.079,252.044,20.3,250.459,20.331,0.0
2019-05-15,0.079,252.03599999999997,20.3,250.458,20.349,0.0
2019-05-16,0.079,252.02700000000002,20.3,250.46,20.365,0.0
2019-05-17,0.079,252.02,20.3,250.458,20.375999999999998,0.0
2019-05-18,0.079,252.012,20.303,250.451,20.372,0.0
2019-05-19,0.079,252.00400000000002,20.325,250.44799999999998,20.39,0.0
2019-05-20,0.079,251.99599999999998,20.372,250.449,20.393,0.0
2019-05-21,0.079,251.988,20.395,250.447,20.392,0.0
2019-05-22,0.079,251.981,20.4,250.44400000000002,20.395,0.0
2019-05-23,0.079,251.97299999999998,20.4,250.44400000000002,20.4,0.0
2019-05-24,0.079,251.96599999999998,20.4,250.44799999999998,20.398,0.0
2019-05-25,0.079,251.959,20.406,250.454,20.398,0.0
2019-05-26,0.079,251.953,20.454,250.46,20.4,0.0
2019-05-27,0.079,251.945,20.494,250.46,20.4,0.0
2019-05-28,0.079,251.938,20.5,250.452,20.4,0.0
2019-05-29,0.079,251.93200000000002,20.5,250.46,20.4,0.0
2019-05-30,0.079,251.924,20.5,250.446,20.4,0.0
2019-05-31,0.079,251.916,20.5,250.43400000000003,20.4,0.0
2019-06-01,0.079,251.91,20.5,250.43400000000003,20.4,0.0
2019-06-02,0.079,251.90400000000002,20.5,250.435,20.4,0.0
2019-06-03,0.079,251.9,20.5,250.449,20.4,5.0
2019-06-04,0.079,251.894,20.5,250.45,20.4,6.6
2019-06-05,0.079,251.888,20.5,250.43200000000002,20.4,11.0
2019-06-06,0.079,251.88099999999997,20.5,250.418,20.4,0.2
2019-06-07,0.079,251.87400000000002,20.5,250.412,20.4,0.0
2019-06-08,0.079,251.86900000000003,20.5,250.418,20.4,0.0
2019-06-09,0.079,251.865,20.5,250.43,20.4,5.8
2019-06-10,0.079,251.861,20.5,250.43400000000003,20.4,0.2
2019-06-11,0.079,251.855,20.506,250.428,20.4,0.2
2019-06-12,0.079,251.84900000000002,20.531,250.43,20.4,0.0
2019-06-13,0.079,251.843,20.566,250.437,20.4,0.0
2019-06-14,0.079,251.83700000000002,20.595,250.43,20.401,0.6
2019-06-15,0.079,251.831,20.6,250.416,20.4,0.0
2019-06-16,0.079,251.826,20.6,250.415,20.4,0.0
2019-06-17,0.079,251.82,20.6,250.41299999999998,20.4,0.0
2019-06-18,0.079,251.815,20.6,250.41099999999997,20.4,0.0
2019-06-19,0.079,251.80900000000003,20.6,250.40599999999998,20.4,0.0
2019-06-20,0.079,251.803,20.6,250.403,20.4,0.2
2019-06-21,0.079,251.798,20.6,250.399,20.4,0.0
2019-06-22,0.079,251.792,20.6,250.395,20.4,0.0
2019-06-23,0.079,251.78599999999997,20.6,250.395,20.4,0.0
2019-06-24,0.079,251.78099999999998,20.6,250.388,20.4,0.0
2019-06-25,0.079,251.775,20.6,250.38099999999997,20.4,0.0
2019-06-26,0.079,251.769,20.6,250.377,20.4,0.0
2019-06-27,0.079,251.763,20.6,250.37599999999998,20.401,0.0
2019-06-28,0.079,251.757,20.605,250.378,20.401,0.0
2019-06-29,0.079,251.752,20.629,250.387,20.406,0.0
2019-06-30,0.079,251.74599999999998,20.660999999999998,250.392,20.413,0.0
2019-07-01,0.079,251.74,20.691,250.389,20.427,0.0
2019-07-02,0.079,251.734,20.697,250.39,20.432000000000002,0.0
2019-07-03,0.079,251.72799999999998,20.7,250.38099999999997,20.445,0.0
2019-07-04,0.079,251.722,20.7,250.36900000000003,20.476,0.0
2019-07-05,0.079,251.71599999999998,20.7,250.365,20.486,0.0
2019-07-06,0.079,251.71,20.7,250.363,20.494,0.0
2019-07-07,0.079,251.704,20.7,250.364,20.499000000000002,0.0
2019-07-08,0.079,251.7,20.7,250.375,20.5,1.6
2019-07-09,0.079,251.697,20.7,250.385,20.5,8.8
2019-07-10,0.079,251.69400000000002,20.701999999999998,250.387,20.5,0.2
2019-07-11,0.079,251.69,20.759,250.389,20.5,0.2
2019-07-12,0.079,251.685,20.784000000000002,250.385,20.5,0.0
2019-07-13,0.079,251.68,20.796,250.38099999999997,20.5,0.0
2019-07-14,0.079,251.676,20.8,250.368,20.5,0.0
2019-07-15,0.079,251.671,20.8,250.372,20.5,0.0
2019-07-16,0.079,251.667,20.8,250.37,20.5,0.0
2019-07-17,0.079,251.66400000000002,20.8,250.38,20.551,0.0
2019-07-18,0.079,251.65900000000002,20.8,250.389,20.598000000000003,0.0
2019-07-19,0.079,251.655,20.8,250.38299999999998,20.6,0.0
2019-07-20,0.079,251.65,20.8,250.38,20.6,0.0
2019-07-21,0.079,251.646,20.8,250.385,20.6,0.0
2019-07-22,0.079,251.641,20.8,250.386,20.6,0.0
2019-07-23,0.079,251.637,20.8,250.37900000000002,20.6,0.0
2019-07-24,0.079,251.63299999999998,20.8,250.37,20.6,0.0
2019-07-25,0.079,251.628,20.8,250.365,20.6,0.0
2019-07-26,0.079,251.623,20.8,250.36599999999999,20.6,0.0
2019-07-27,0.079,251.61900000000003,20.8,250.364,20.6,0.0
2019-07-28,0.079,251.614,20.8,250.361,20.6,0.0
2019-07-29,0.079,251.61,20.8,250.362,20.6,0.0
2019-07-30,0.079,251.605,20.8,250.359,20.6,0.0
2019-07-31,0.079,251.602,20.8,250.34900000000002,20.6,0.0
2019-08-01,0.079,251.59799999999998,20.8,250.343,20.6,0.0
2019-08-02,0.079,251.59400000000002,20.8,250.33900000000003,20.6,0.0
2019-08-03,0.079,251.58900000000003,20.8,250.338,20.6,0.0
2019-08-04,0.079,251.585,20.8,250.33900000000003,20.6,0.0
2019-08-05,0.079,251.581,20.8,250.342,20.6,0.0
2019-08-06,0.079,251.576,20.8,250.347,20.6,0.0
2019-08-07,0.079,251.57299999999998,20.8,250.358,20.6,0.0
2019-08-08,0.079,251.56900000000002,20.8,250.36900000000003,20.6,0.6
2019-08-09,0.079,251.56400000000002,20.8,250.363,20.6,0.2
2019-08-10,0.079,251.56,20.8,250.361,20.6,0.0
2019-08-11,0.079,251.55700000000002,20.8,250.351,20.6,0.2
2019-08-12,0.079,251.554,20.8,250.331,20.6,1.8
2019-08-13,0.079,251.551,20.8,250.321,20.6,0.2
2019-08-14,0.079,251.547,20.8,250.315,20.6,0.0
2019-08-15,0.079,251.544,20.8,250.317,20.6,0.0
2019-08-16,0.079,251.541,20.8,250.324,20.6,0.0
2019-08-17,0.079,251.53599999999997,20.8,250.328,20.6,0.0
2019-08-18,0.079,251.533,20.8,250.33,20.6,0.0
2019-08-19,0.079,251.52900000000002,20.8,250.31799999999998,20.6,0.0
2019-08-20,0.079,251.52599999999998,20.8,250.301,20.6,0.0
2019-08-21,0.079,251.52200000000002,20.8,250.308,20.6,0.0
2019-08-22,0.079,251.519,20.8,250.313,20.6,0.0
2019-08-23,0.079,251.515,20.8,250.30200000000002,20.6,0.0
2019-08-24,0.079,251.512,20.8,250.305,20.6,0.0
2019-08-25,0.079,251.50900000000001,20.8,250.31099999999998,20.601,0.0
2019-08-26,0.079,251.505,20.8,250.30599999999998,20.6,0.0
2019-08-27,0.079,251.502,20.8,250.301,20.601999999999997,0.0
2019-08-28,0.079,251.49900000000002,20.8,250.3,20.605,0.0
2019-08-29,0.079,251.49599999999998,20.8,250.295,20.611,0.0
2019-08-30,0.079,251.493,20.8,250.291,20.62,0.0
2019-08-31,0.079,251.49,20.8,250.28900000000002,20.624000000000002,0.0
2019-09-01,0.079,251.487,20.8,250.28900000000002,20.639,0.0
2019-09-02,0.079,251.484,20.8,250.28799999999998,20.646,0.0
2019-09-03,0.079,251.481,20.8,250.287,20.658,0.0
2019-09-04,0.079,251.47799999999998,20.8,250.29,20.664,0.0
2019-09-05,0.079,251.47400000000002,20.8,250.292,20.677,0.0
2019-09-06,0.079,251.47099999999998,20.8,250.30200000000002,20.688000000000002,0.0
2019-09-07,0.079,251.468,20.8,250.28099999999998,20.686,0.0
2019-09-08,0.079,251.465,20.8,250.27700000000002,20.691999999999997,0.0
2019-09-09,0.079,251.46200000000002,20.8,250.274,20.697,0.0
2019-09-10,0.079,251.459,20.8,250.257,20.699,0.0
2019-09-11,0.079,251.456,20.8,250.24599999999998,20.698,0.0
2019-09-12,0.079,251.453,20.8,250.25099999999998,20.7,0.0
2019-09-13,0.079,251.451,20.8,250.257,20.7,0.0
2019-09-14,0.079,251.44799999999998,20.8,250.253,20.7,0.0
2019-09-15,0.079,251.44400000000002,20.8,250.25,20.7,0.0
2019-09-16,0.079,251.442,20.8,250.25799999999998,20.7,0.0
2019-09-17,0.079,251.438,20.8,250.25900000000001,20.7,0.0
2019-09-18,0.079,251.43599999999998,20.8,250.24599999999998,20.699,0.6
2019-09-19,0.079,251.43400000000003,20.8,250.24099999999999,20.7,0.0
2019-09-20,0.079,251.43099999999998,20.8,250.24,20.7,0.0
2019-09-21,0.079,251.428,20.8,250.24,20.7,0.0
2019-09-22,0.079,251.424,20.8,250.235,20.7,0.0
2019-09-23,0.079,251.422,20.8,250.227,20.7,0.6
2019-09-24,0.079,251.419,20.8,250.22099999999998,20.7,0.0
2019-09-25,0.079,251.415,20.8,250.22,20.7,0.0
2019-09-26,0.079,251.41299999999998,20.8,250.22299999999998,20.7,0.0
2019-09-27,0.079,251.40900000000002,20.8,250.22799999999998,20.7,0.0
2019-09-28,0.079,251.40599999999998,20.8,250.232,20.7,0.0
2019-09-29,0.079,251.403,20.8,250.227,20.7,0.0
2019-09-30,0.079,251.399,20.8,250.218,20.7,0.0
2019-10-01,0.079,251.39700000000002,20.8,250.204,20.7,0.0
2019-10-02,0.079,251.394,20.8,250.199,20.7,0.0
2019-10-03,0.079,251.391,20.8,250.203,20.7,0.0
2019-10-04,0.079,251.388,20.8,250.209,20.7,0.0
2019-10-05,0.079,251.38400000000001,20.8,250.21099999999998,20.7,0.0
2019-10-06,0.079,251.382,20.799,250.215,20.7,0.0
2019-10-07,0.079,251.378,20.796,250.22099999999998,20.701,0.0
2019-10-08,0.079,251.375,20.795,250.21400000000003,20.7,0.0
2019-10-09,0.079,251.373,20.774,250.197,20.7,0.0
2019-10-10,0.079,251.36900000000003,20.755,250.19799999999998,20.7,0.0
2019-10-11,0.079,251.36700000000002,20.726,250.205,20.703000000000003,0.0
2019-10-12,0.079,251.365,20.708000000000002,250.208,20.703000000000003,1.6
2019-10-13,0.079,251.362,20.701,250.197,20.701999999999998,2.4
2019-10-14,0.079,251.359,20.7,250.2,20.705,0.2
2019-10-15,0.079,251.357,20.7,250.207,20.705,0.0
2019-10-16,0.079,251.354,20.7,250.204,20.705,0.0
2019-10-17,0.079,251.351,20.7,250.2,20.708000000000002,0.6
2019-10-18,0.079,251.34799999999998,20.7,250.18099999999998,20.705,0.0
2019-10-19,0.079,251.345,20.7,250.18099999999998,20.709,0.0
2019-10-20,0.079,251.34099999999998,20.7,250.171,20.701999999999998,0.0
2019-10-21,0.079,251.338,20.7,250.162,20.706999999999997,0.0
2019-10-22,0.079,251.335,20.7,250.16,20.709,0.0
2019-10-23,0.079,251.332,20.699,250.162,20.709,0.0
2019-10-24,0.079,251.329,20.685,250.165,20.708000000000002,0.0
2019-10-25,0.079,251.326,20.656,250.172,20.708000000000002,0.2
2019-10-26,0.079,251.32299999999998,20.643,250.18,20.705,0.0
2019-10-27,0.079,251.32,20.619,250.166,20.706,0.2
2019-10-28,0.079,251.31599999999997,20.604,250.15599999999998,20.708000000000002,0.0
2019-10-29,0.079,251.313,20.6,250.149,20.706,0.0
2019-10-30,0.079,251.31099999999998,20.6,250.15,20.704,0.0
2019-10-31,0.079,251.308,20.6,250.153,20.709,0.0
2019-11-01,0.079,251.305,20.6,250.153,20.71,0.4
2019-11-02,0.079,251.303,20.6,250.15,20.71,0.0
2019-11-03,0.079,251.299,20.6,250.15099999999998,20.705,0.0
2019-11-04,0.079,251.298,20.6,250.157,20.706,0.6
2019-11-05,0.079,251.296,20.6,250.153,20.706,1.4
2019-11-06,0.079,251.294,20.6,250.153,20.703000000000003,0.0
2019-11-07,0.079,251.291,20.6,250.15900000000002,20.701999999999998,0.0
2019-11-08,0.079,251.28900000000002,20.6,250.162,20.701999999999998,0.0
2019-11-09,0.079,251.28599999999997,20.6,250.143,20.703000000000003,0.0
2019-11-10,0.079,251.283,20.6,250.137,20.701,0.0
2019-11-11,0.079,251.28,20.6,250.135,20.704,0.0
2019-11-12,0.079,251.27700000000002,20.6,250.142,20.701,0.0
2019-11-13,0.079,251.274,20.6,250.13099999999997,20.7,0.0
2019-11-14,0.079,251.271,20.6,250.12400000000002,20.7,0.0
2019-11-15,0.079,251.268,20.6,250.12599999999998,20.701999999999998,0.0
2019-11-16,0.079,251.265,20.6,250.123,20.7,0.0
2019-11-17,0.079,251.262,20.6,250.11900000000003,20.7,0.0
2019-11-18,0.079,251.25799999999998,20.6,250.111,20.701,0.0
2019-11-19,0.079,251.255,20.594,250.114,20.7,0.0
2019-11-20,0.079,251.252,20.59,250.114,20.7,0.0
2019-11-21,0.079,251.24900000000002,20.583000000000002,250.11,20.7,0.0
2019-11-22,0.079,251.24599999999998,20.569000000000003,250.106,20.7,0.0
2019-11-23,0.079,251.243,20.598000000000003,250.105,20.7,1.2
2019-11-24,0.079,251.24,20.5,250.104,20.7,2.6
2019-11-25,0.079,251.238,20.5,250.107,20.7,9.4
2019-11-26,0.079,251.236,20.5,250.112,20.7,0.2
2019-11-27,0.079,251.233,20.5,250.097,20.7,1.4
2019-11-28,0.079,251.23,20.5,250.095,20.7,0.0
2019-11-29,0.079,251.227,20.5,250.09400000000002,20.7,0.0
2019-11-30,0.079,251.225,20.5,250.09900000000002,20.7,0.0
2019-12-01,0.079,251.222,20.5,250.106,20.7,6.2
2019-12-02,0.079,251.21900000000002,20.5,250.107,20.7,1.4
2019-12-03,0.079,251.217,20.5,250.08700000000002,20.7,0.0
2019-12-04,0.079,251.21400000000003,20.5,250.079,20.7,0.0
2019-12-05,0.079,251.21099999999998,20.5,250.077,20.7,0.0
2019-12-06,0.079,251.208,20.5,250.081,20.7,0.0
2019-12-07,0.079,251.204,20.5,250.072,20.7,0.0
2019-12-08,0.079,251.201,20.5,250.062,20.7,0.0
2019-12-09,0.079,251.19799999999998,20.5,250.055,20.699,0.0
2019-12-10,0.079,251.195,20.5,250.06099999999998,20.7,0.0
2019-12-11,0.079,251.192,20.5,250.067,20.699,0.6
2019-12-12,0.079,251.188,20.5,250.063,20.697,2.0
2019-12-13,0.079,251.185,20.5,250.058,20.697,0.0
2019-12-14,0.079,251.18200000000002,20.5,250.05599999999998,20.695999999999998,0.0
2019-12-15,0.079,251.179,20.5,250.054,20.684,0.0
2019-12-16,0.079,251.176,20.5,250.05,20.684,0.0
2019-12-17,0.079,251.173,20.5,250.03599999999997,20.676,0.0
2019-12-18,0.079,251.17,20.5,250.02900000000002,20.654,0.0
2019-12-19,0.079,251.166,20.5,250.028,20.646,0.0
2019-12-20,0.079,251.16299999999998,20.5,250.02900000000002,20.633000000000003,0.0
2019-12-21,0.079,251.16,20.5,250.02900000000002,20.631999999999998,0.0
2019-12-22,0.079,251.157,20.5,250.03,20.63,0.0
2019-12-23,0.079,251.15400000000002,20.5,250.023,20.61,0.0
2019-12-24,0.079,251.15099999999998,20.5,250.03,20.607,0.0
2019-12-25,0.079,251.148,20.5,250.02200000000002,20.601,0.0
2019-12-26,0.079,251.145,20.5,250.011,20.6,0.0
2019-12-27,0.079,251.142,20.5,250.007,20.6,0.0
2019-12-28,0.079,251.139,20.5,250.003,20.6,0.0
2019-12-29,0.079,251.136,20.5,250.00099999999998,20.6,0.0
2019-12-30,0.079,251.132,20.5,250.00400000000002,20.6,0.0
2019-12-31,0.079,251.12900000000002,20.5,250.00799999999998,20.6,0.0
2020-01-01,0.079,251.125,20.5,250.00400000000002,20.6,0.0
2020-01-02,0.079,251.122,20.5,249.998,20.6,0.0
2020-01-03,0.079,251.11900000000003,20.5,249.995,20.6,9.0
2020-01-04,0.079,251.115,20.5,249.995,20.6,0.0
2020-01-05,0.079,251.113,20.5,249.99099999999999,20.6,0.0
2020-01-06,0.079,251.109,20.5,249.985,20.6,0.0
2020-01-07,0.079,251.106,20.5,249.983,20.6,0.0
2020-01-08,0.079,251.10299999999998,20.5,249.981,20.6,6.8
2020-01-09,0.079,251.1,20.5,249.982,20.6,0.4
2020-01-10,0.079,251.097,20.5,249.982,20.6,7.6
2020-01-11,0.079,251.09400000000002,20.5,249.982,20.6,0.0
2020-01-12,0.079,251.09099999999998,20.5,249.97299999999998,20.6,0.0
2020-01-13,0.079,251.08700000000002,20.5,249.965,20.6,0.0
2020-01-14,0.079,251.084,20.5,249.96400000000003,20.6,0.0
2020-01-15,0.079,251.081,20.5,249.968,20.6,0.0
2020-01-16,0.079,251.093,20.5,250.005,20.6,0.2
2020-01-17,0.20199999999999999,251.298,20.5,250.06099999999998,20.6,26.0
2020-01-18,0.079,251.419,20.5,250.06099999999998,20.6,10.2
2020-01-19,0.079,251.44299999999998,20.5,250.06099999999998,20.6,3.0
2020-01-20,0.079,251.445,20.5,250.05900000000003,20.6,0.0
2020-01-21,0.079,251.437,20.5,250.043,20.6,0.0
2020-01-22,0.079,251.428,20.5,250.03799999999998,20.6,0.0
2020-01-23,0.079,251.418,20.5,250.03900000000002,20.6,0.0
2020-01-24,0.079,251.408,20.5,250.03799999999998,20.6,25.4
2020-01-25,0.079,251.403,20.5,250.037,20.6,0.2
2020-01-26,0.079,251.40099999999998,20.5,250.03,20.6,10.4
2020-01-27,0.079,251.398,20.5,250.025,20.6,1.0
2020-01-28,0.079,251.395,20.5,250.02,20.6,0.0
2020-01-29,0.079,251.391,20.5,250.015,20.6,0.0
2020-01-30,0.079,251.387,20.5,250.00900000000001,20.6,0.0
2020-01-31,0.079,251.38099999999997,20.5,250.00099999999998,20.6,0.0
2020-02-01,0.079,251.375,20.5,249.997,20.6,0.0
2020-02-02,0.079,251.368,20.5,250.00099999999998,20.6,0.0
2020-02-03,0.079,251.361,20.5,250.00099999999998,20.6,0.0
2020-02-04,0.079,251.35299999999998,20.5,249.984,20.6,0.0
2020-02-05,0.079,251.345,20.5,249.97099999999998,20.6,51.0
2020-02-06,0.079,251.34099999999998,20.5,249.97,20.6,2.8
2020-02-07,0.079,251.338,20.5,249.984,20.6,7.6
2020-02-08,0.079,251.468,20.5,250.136,20.6,9.0
2020-02-09,1.391,252.274,20.5,250.261,20.6,48.6
2020-02-10,0.415,252.44799999999998,20.5,250.24,20.6,2.4
2020-02-11,0.371,252.507,20.5,250.238,20.6,9.2
2020-02-12,0.963,252.63,20.5,250.28,20.6,40.0
2020-02-13,0.764,252.76,20.5,250.28599999999997,20.6,12.2
2020-02-14,0.802,252.85299999999998,20.5,250.299,20.6,51.0
2020-02-15,0.451,252.861,20.5,250.28,20.6,2.4
2020-02-16,0.318,252.82,20.5,250.25599999999997,20.6,0.0
2020-02-17,0.247,252.778,20.5,250.238,20.6,0.0
2020-02-18,0.253,252.752,20.5,250.24,20.6,16.6
2020-02-19,0.466,252.769,20.5,250.252,20.6,2.0
2020-02-20,0.285,252.775,20.5,250.236,20.6,0.0
2020-02-21,0.22399999999999998,252.737,20.5,250.22099999999998,20.6,0.0
2020-02-22,0.204,252.706,20.5,250.204,20.6,0.0
2020-02-23,0.2,252.685,20.5,250.19400000000002,20.6,0.0
2020-02-24,0.19699999999999998,252.673,20.5,250.197,20.6,3.6
2020-02-25,0.195,252.66299999999998,20.5,250.204,20.6,6.6
2020-02-26,0.19399999999999998,252.655,20.5,250.213,20.6,0.0
2020-02-27,0.192,252.645,20.5,250.21400000000003,20.6,0.6
2020-02-28,0.192,252.63400000000001,20.5,250.209,20.6,0.0
2020-02-29,0.19,252.62400000000002,20.5,250.201,20.6,0.0
2020-03-01,0.18899999999999997,252.61700000000002,20.5,250.201,20.6,0.0
2020-03-02,0.188,252.611,20.5,250.202,20.6,0.0
2020-03-03,0.188,252.60299999999998,20.5,250.19799999999998,20.6,0.0
2020-03-04,0.188,252.601,20.5,250.201,20.6,0.0
2020-03-05,0.19,252.602,20.5,250.218,20.6,2.6
2020-03-06,0.188,252.59799999999998,20.505,250.22099999999998,20.6,26.6
2020-03-07,0.187,252.588,20.522,250.213,20.6,0.0
2020-03-08,0.187,252.583,20.554000000000002,250.213,20.6,0.0
2020-03-09,0.188,252.58,20.581999999999997,250.215,20.6,15.6
2020-03-10,0.188,252.579,20.596999999999998,250.22099999999998,20.6,6.8
2020-03-11,0.187,252.572,20.6,250.22,20.6,2.2
2020-03-12,0.187,252.565,20.6,250.21900000000002,20.6,0.0
2020-03-13,0.187,252.562,20.6,250.229,20.6,0.0
2020-03-14,0.187,252.558,20.6,250.24,20.6,0.0
2020-03-15,0.18600000000000003,252.548,20.6,250.234,20.6,0.0
2020-03-16,0.18600000000000003,252.53900000000002,20.6,250.226,20.6,0.0
2020-03-17,0.18600000000000003,252.532,20.6,250.22299999999998,20.6,0.0
2020-03-18,0.18600000000000003,252.528,20.6,250.226,20.6,0.0
2020-03-19,0.18600000000000003,252.523,20.6,250.234,20.6,0.0
2020-03-20,0.18600000000000003,252.519,20.6,250.245,20.6,0.0
2020-03-21,0.18600000000000003,252.512,20.6,250.252,20.6,0.0
2020-03-22,0.185,252.50400000000002,20.6,250.253,20.6,0.0
2020-03-23,0.185,252.497,20.613000000000003,250.255,20.6,0.0
2020-03-24,0.185,252.49,20.656999999999996,250.25799999999998,20.6,0.0
2020-03-25,0.18600000000000003,252.485,20.694000000000003,250.265,20.6,0.0
2020-03-26,0.36700000000000005,252.524,20.680999999999997,250.28400000000002,20.6,15.8
2020-03-27,0.212,252.535,20.7,250.283,20.6,12.6
2020-03-28,0.19399999999999998,252.512,20.7,250.28799999999998,20.6,0.0
2020-03-29,0.19,252.495,20.7,250.296,20.6,0.0
2020-03-30,0.273,252.488,20.7,250.31400000000002,20.6,1.4
2020-03-31,0.342,252.532,20.7,250.335,20.6,38.8
2020-04-01,0.214,252.525,20.709,250.33599999999998,20.6,0.0
2020-04-02,0.2,252.505,20.748,250.34400000000002,20.6,0.0
2020-04-03,0.196,252.493,20.794,250.362,20.6,8.4
2020-04-04,0.242,252.493,20.8,250.37900000000002,20.6,51.0
2020-04-05,0.217,252.487,20.8,250.363,20.6,1.0
2020-04-06,0.19899999999999998,252.472,20.8,250.36,20.6,0.0
2020-04-07,0.193,252.458,20.8,250.365,20.6,0.0
2020-04-08,0.191,252.44400000000002,20.8,250.36599999999999,20.6,0.0
2020-04-09,0.19,252.43,20.8,250.363,20.6,0.0
2020-04-10,0.23199999999999998,252.43,20.8,250.386,20.6,1.2
2020-04-11,0.415,252.47299999999998,20.8,250.42,20.6,46.6
2020-04-12,0.251,252.486,20.8,250.41400000000002,20.6,0.0
2020-04-13,0.20800000000000002,252.46400000000003,20.8,250.405,20.6,0.0
2020-04-14,0.201,252.442,20.8,250.4,20.6,0.0
2020-04-15,0.19899999999999998,252.428,20.8,250.405,20.6,0.0
2020-04-16,0.19699999999999998,252.42,20.8,250.42,20.6,0.0
2020-04-17,0.196,252.40900000000002,20.8,250.43099999999998,20.6,0.0
2020-04-18,0.195,252.398,20.8,250.433,20.6,0.0
2020-04-19,0.195,252.387,20.8,250.435,20.6,0.0
2020-04-20,0.19399999999999998,252.375,20.801,250.43,20.6,0.0
2020-04-21,0.19399999999999998,252.36599999999999,20.818,250.43,20.6,0.0
2020-04-22,0.19399999999999998,252.358,20.865,250.433,20.6,0.2
2020-04-23,0.19399999999999998,252.35,20.895,250.435,20.6,0.0
2020-04-24,0.193,252.342,20.9,250.44,20.6,0.0
2020-04-25,0.19399999999999998,252.333,20.909000000000002,250.44099999999997,20.6,0.0
2020-04-26,0.19399999999999998,252.326,20.956,250.449,20.6,0.0
2020-04-27,0.193,252.317,20.986,250.449,20.6,0.0
2020-04-28,0.193,252.31099999999998,20.998,250.452,20.6,0.0
2020-04-29,0.193,252.30900000000003,21.0,250.46599999999998,20.6,0.0
2020-04-30,0.19399999999999998,252.305,21.0,250.484,20.6,4.0
2020-05-01,0.19399999999999998,252.301,21.0,250.488,20.6,44.0
2020-05-02,0.19399999999999998,252.297,21.0,250.49400000000003,20.6,0.0
2020-05-03,0.19399999999999998,252.285,21.0,250.488,20.6,4.2
2020-05-04,0.193,252.27599999999998,21.0,250.481,20.6,0.0
2020-05-05,0.193,252.27200000000002,21.0,250.48,20.603,0.0
2020-05-06,0.193,252.269,21.0,250.484,20.605999999999998,0.0
2020-05-07,0.193,252.269,21.0,250.497,20.614,0.0
2020-05-08,0.193,252.266,21.0,250.50799999999998,20.62,0.0
2020-05-09,0.193,252.262,21.0,250.52,20.633000000000003,0.0
2020-05-10,0.193,252.25,21.0,250.513,20.654,11.4
2020-05-11,0.192,252.24099999999999,21.0,250.50799999999998,20.666999999999998,0.0
2020-05-12,0.193,252.236,21.0,250.512,20.68,0.0
2020-05-13,0.193,252.233,21.0,250.52,20.693,0.0
2020-05-14,0.193,252.226,21.0,250.523,20.695,0.0
2020-05-15,0.193,252.21599999999998,21.0,250.52200000000002,20.7,0.0
2020-05-16,0.193,252.207,21.002,250.523,20.699,0.0
2020-05-17,0.193,252.2,21.003,250.52599999999998,20.7,0.0
2020-05-18,0.193,252.19299999999998,21.023000000000003,250.528,20.7,0.0
2020-05-19,0.19399999999999998,252.19099999999997,21.122,250.537,20.7,0.0
2020-05-20,0.19399999999999998,252.199,21.199,250.553,20.7,0.0
2020-05-21,0.196,252.21099999999998,21.2,250.576,20.7,18.2
2020-05-22,0.195,252.218,21.2,250.581,20.7,8.6
2020-05-23,0.195,252.225,21.214000000000002,250.58900000000003,20.7,0.2
2020-05-24,0.195,252.229,21.273000000000003,250.593,20.7,1.4
2020-05-25,0.195,252.229,21.293000000000003,250.588,20.7,0.6
2020-05-26,0.19399999999999998,252.231,21.295,250.58599999999998,20.7,0.6
2020-05-27,0.19399999999999998,252.236,21.299,250.58900000000003,20.701999999999998,0.0
2020-05-28,0.19399999999999998,252.238,21.3,250.59,20.704,0.0
2020-05-29,0.19399999999999998,252.239,21.3,250.58599999999998,20.715999999999998,0.0
2020-05-30,0.195,252.243,21.3,250.58900000000003,20.726999999999997,0.0
2020-05-31,0.195,252.24900000000002,21.3,250.60299999999998,20.756999999999998,0.0
2020-06-01,0.195,252.25400000000002,21.3,250.61700000000002,20.779,0.2
2020-06-02,0.195,252.25,21.3,250.605,20.789,0.6
2020-06-03,0.195,252.253,21.3,250.6,20.798000000000002,0.4
2020-06-04,0.195,252.255,21.3,250.59400000000002,20.8,0.0
2020-06-05,0.195,252.262,21.3,250.601,20.8,0.0
2020-06-06,0.195,252.271,21.3,250.614,20.8,0.0
2020-06-07,0.196,252.275,21.3,250.62400000000002,20.8,0.0
2020-06-08,0.196,252.273,21.3,250.61700000000002,20.8,0.0
2020-06-09,0.195,252.274,21.3,250.613,20.8,0.0
2020-06-10,0.196,252.282,21.3,250.623,20.8,0.2
2020-06-11,0.196,252.29,21.3,250.63400000000001,20.8,6.2
2020-06-12,0.196,252.295,21.3,250.639,20.8,0.2
2020-06-13,0.196,252.299,21.3,250.646,20.8,0.0
2020-06-14,0.19699999999999998,252.304,21.302,250.66099999999997,20.8,36.4
2020-06-15,0.196,252.30599999999998,21.305,250.65400000000002,20.8,0.0
2020-06-16,0.196,252.31,21.334,250.655,20.8,0.0
2020-06-17,0.195,252.31099999999998,21.355999999999998,250.65099999999998,20.8,0.0
2020-06-18,0.19399999999999998,252.313,21.374000000000002,250.64700000000002,20.8,0.0
2020-06-19,0.19399999999999998,252.322,21.398000000000003,250.65900000000002,20.8,0.2
2020-06-20,0.195,252.332,21.399,250.676,20.8,0.0
2020-06-21,0.196,252.342,21.4,250.699,20.8,7.4
2020-06-22,0.196,252.34599999999998,21.4,250.703,20.8,3.0
2020-06-23,0.196,252.34900000000002,21.4,250.701,20.8,1.2
2020-06-24,0.196,252.351,21.4,250.697,20.8,4.8
2020-06-25,0.196,252.35299999999998,21.4,250.69400000000002,20.8,0.2
2020-06-26,0.195,252.356,21.4,250.69400000000002,20.8,0.0
2020-06-27,0.196,252.358,21.4,250.69299999999998,20.8,0.0
2020-06-28,0.196,252.361,21.4,250.695,20.8,0.0
2020-06-29,0.196,252.364,21.4,250.697,20.8,0.0
2020-06-30,0.19699999999999998,252.368,21.4,250.702,20.8,0.0
2020-07-01,0.19699999999999998,252.373,21.4,250.709,20.8,0.0
2020-07-02,0.19699999999999998,252.37599999999998,21.4,250.717,20.8,0.0
2020-07-03,0.19699999999999998,252.378,21.4,250.718,20.8,1.6
2020-07-04,0.19699999999999998,252.38,21.401,250.71400000000003,20.8,0.0
2020-07-05,0.19699999999999998,252.38299999999998,21.4,250.713,20.8,0.0
2020-07-06,0.19699999999999998,252.386,21.406999999999996,250.71200000000002,20.8,0.0
2020-07-07,0.196,252.39,21.401999999999997,250.71400000000003,20.8,0.0
2020-07-08,0.195,252.395,21.419,250.717,20.8,0.0
2020-07-09,0.195,252.399,21.406999999999996,250.718,20.8,0.2
2020-07-10,0.195,252.408,21.414,250.729,20.8,7.4
2020-07-11,0.196,252.419,21.416,250.75,20.8,12.4
2020-07-12,0.196,252.424,21.413,250.75799999999998,20.8,13.4
2020-07-13,0.19699999999999998,252.42700000000002,21.42,250.761,20.8,1.4
2020-07-14,0.19699999999999998,252.433,21.415,250.764,20.8,0.0
2020-07-15,0.19699999999999998,252.438,21.413,250.769,20.8,3.4
2020-07-16,0.19699999999999998,252.44,21.409000000000002,250.77200000000002,20.8,0.0
2020-07-17,0.19699999999999998,252.442,21.41,250.773,20.8,0.2
2020-07-18,0.19699999999999998,252.445,21.418000000000003,250.774,20.8,0.4
2020-07-19,0.19699999999999998,252.45,21.41,250.77900000000002,20.8,0.0
2020-07-20,0.19699999999999998,252.45,21.409000000000002,250.77599999999998,20.8,0.0
2020-07-21,0.196,252.451,21.408,250.77,20.8,0.0
2020-07-22,0.196,252.455,21.401,250.77,20.8,0.0
2020-07-23,0.196,252.46200000000002,21.4,250.775,20.8,0.0
2020-07-24,0.19699999999999998,252.46599999999998,21.4,250.778,20.8,0.0
2020-07-25,0.198,252.47400000000002,21.4,250.785,20.8,0.2
2020-07-26,0.2,252.486,21.4,250.80900000000003,20.8,5.6
2020-07-27,0.2,252.49599999999998,21.4,250.833,20.802,30.2
2020-07-28,0.19899999999999998,252.49900000000002,21.4,250.831,20.804000000000002,23.6
2020-07-29,0.198,252.5,21.4,250.824,20.811,3.4
2020-07-30,0.198,252.503,21.394000000000002,250.81599999999997,20.840999999999998,0.2
2020-07-31,0.19899999999999998,252.50599999999997,21.4,250.813,20.838,0.2
2020-08-01,0.19899999999999998,252.511,21.4,250.815,20.826999999999998,0.0
2020-08-02,0.19899999999999998,252.517,21.4,250.82,20.844,0.0
2020-08-03,0.19899999999999998,252.525,21.4,250.832,20.846999999999998,0.0
2020-08-04,0.198,252.53,21.399,250.843,20.868000000000002,0.0
2020-08-05,0.198,252.53,21.398000000000003,250.84,20.881999999999998,0.0
2020-08-06,0.198,252.533,21.393,250.838,20.889,0.0
2020-08-07,0.198,252.542,21.372,250.852,20.892,0.0
2020-08-08,0.203,252.55200000000002,21.340999999999998,250.87,20.899,37.6
2020-08-09,0.19899999999999998,252.56099999999998,21.31,250.87400000000002,20.9,1.8
2020-08-10,0.2,252.565,21.302,250.875,20.9,6.8
2020-08-11,0.19899999999999998,252.56799999999998,21.3,250.86900000000003,20.9,0.6
2020-08-12,0.198,252.574,21.3,250.87900000000002,20.9,0.0
2020-08-13,0.198,252.577,21.3,250.88099999999997,20.9,0.0
2020-08-14,0.19899999999999998,252.585,21.3,250.886,20.873,0.0
2020-08-15,0.19899999999999998,252.592,21.3,250.893,20.8,12.8
2020-08-16,0.19899999999999998,252.597,21.3,250.893,20.8,0.6
2020-08-17,0.19899999999999998,252.602,21.3,250.895,20.8,1.2
2020-08-18,0.2,252.609,21.3,250.907,20.8,0.0
2020-08-19,0.19899999999999998,252.613,21.3,250.918,20.8,0.0
2020-08-20,0.198,252.611,21.3,250.905,20.8,0.0
2020-08-21,0.198,252.615,21.3,250.9,20.8,6.2
2020-08-22,0.19899999999999998,252.62,21.3,250.9,20.8,0.2
2020-08-23,0.19899999999999998,252.62099999999998,21.3,250.891,20.8,0.0
2020-08-24,0.19899999999999998,252.62099999999998,21.3,250.88099999999997,20.8,0.4
2020-08-25,0.198,252.623,21.3,250.87099999999998,20.802,0.0
2020-08-26,0.198,252.62900000000002,21.3,250.87099999999998,20.801,0.0
2020-08-27,0.19899999999999998,252.635,21.3,250.877,20.801,0.0
2020-08-28,0.19899999999999998,252.639,21.3,250.87900000000002,20.805999999999997,0.0
2020-08-29,0.19899999999999998,252.641,21.3,250.875,20.816,0.0
2020-08-30,0.2,252.649,21.3,250.882,20.818,0.0
2020-08-31,0.19899999999999998,252.65599999999998,21.3,250.893,20.809,0.0
2020-09-01,0.19899999999999998,252.66,21.29,250.893,20.818,0.0
2020-09-02,0.198,252.66299999999998,21.247,250.892,20.822,0.0
2020-09-03,0.19899999999999998,252.667,21.203000000000003,250.893,20.826,0.0
2020-09-04,0.19899999999999998,252.671,21.2,250.898,20.84,0.0
2020-09-05,0.19899999999999998,252.674,21.2,250.899,20.843000000000004,0.0
2020-09-06,0.19899999999999998,252.674,21.2,250.888,20.84,0.0
2020-09-07,0.19899999999999998,252.675,21.175,250.87900000000002,20.845,0.0
2020-09-08,0.198,252.68099999999998,21.111,250.878,20.851,0.0
2020-09-09,0.198,252.69,21.1,250.889,20.857,0.0
2020-09-10,0.2,252.699,21.1,250.903,20.853,18.2
2020-09-11,0.19899999999999998,252.705,21.1,250.90099999999998,20.868000000000002,12.6
2020-09-12,0.198,252.71,21.1,250.90099999999998,20.87,0.0
2020-09-13,0.19899999999999998,252.715,21.1,250.90599999999998,20.868000000000002,0.0
2020-09-14,0.198,252.71900000000002,21.1,250.907,20.878,0.0
2020-09-15,0.19699999999999998,252.722,21.1,250.905,20.875999999999998,0.0
2020-09-16,0.19699999999999998,252.727,21.1,250.907,20.878,0.0
2020-09-17,0.19699999999999998,252.73,21.096,250.90900000000002,20.883000000000003,0.0
2020-09-18,0.19699999999999998,252.732,21.075,250.905,20.879,0.0
2020-09-19,0.198,252.736,21.035999999999998,250.91099999999997,20.884,0.0
2020-09-20,0.19899999999999998,252.74200000000002,21.005,250.926,20.878,5.0
2020-09-21,0.19899999999999998,252.747,21.0,250.933,20.883000000000003,2.6
2020-09-22,0.198,252.74900000000002,21.0,250.935,20.884,25.2
2020-09-23,0.198,252.75,21.0,250.929,20.886,3.2
2020-09-24,0.198,252.752,21.0,250.929,20.881999999999998,0.0
2020-09-25,0.198,252.75799999999998,21.0,250.94,20.844,0.0
2020-09-26,0.19699999999999998,252.75400000000002,21.0,250.925,20.826,0.0
2020-09-27,0.198,252.755,21.0,250.91299999999998,20.82,0.0
2020-09-28,0.198,252.76,21.0,250.91099999999997,20.819000000000003,0.0
2020-09-29,0.198,252.766,21.0,250.916,20.823,0.0
2020-09-30,0.19899999999999998,252.775,21.0,250.92700000000002,20.816,0.0
2020-10-01,0.19899999999999998,252.782,21.0,250.93200000000002,20.81,8.6
2020-10-02,0.198,252.78,20.997,250.92,20.803,1.0
2020-10-03,0.19899999999999998,252.782,20.98,250.919,20.802,0.0
2020-10-04,0.2,252.78799999999998,20.955,250.926,20.8,0.0
2020-10-05,0.2,252.791,20.914,250.93,20.8,0.0
2020-10-06,0.19899999999999998,252.794,20.901,250.933,20.801,0.0
2020-10-07,0.198,252.798,20.9,250.93599999999998,20.8,0.0
2020-10-08,0.198,252.803,20.894000000000002,250.942,20.8,0.0
2020-10-09,0.198,252.803,20.865,250.93599999999998,20.8,0.0
2020-10-10,0.198,252.804,20.828000000000003,250.93,20.8,0.0
2020-10-11,0.198,252.80700000000002,20.805,250.93,20.8,0.0
2020-10-12,0.198,252.81099999999998,20.8,250.93099999999998,20.8,0.0
2020-10-13,0.198,252.815,20.8,250.93,20.8,2.6
2020-10-14,0.198,252.81599999999997,20.8,250.929,20.8,0.0
2020-10-15,0.201,252.81799999999998,20.8,250.93599999999998,20.8,0.0
2020-10-16,0.204,252.81900000000002,20.8,250.942,20.8,0.0
2020-10-17,0.201,252.82,20.8,250.95,20.8,0.0
2020-10-18,0.20199999999999999,252.822,20.8,250.953,20.8,0.0
2020-10-19,0.203,252.829,20.8,250.96,20.8,18.6
2020-10-20,0.203,252.83,20.8,250.96,20.8,0.0
2020-10-21,0.205,252.83,20.798000000000002,250.96400000000003,20.8,0.0
2020-10-22,0.21,252.833,20.791999999999998,250.98,20.8,13.0
2020-10-23,0.20600000000000002,252.83599999999998,20.778000000000002,250.985,20.8,1.8
2020-10-24,0.209,252.84,20.752,250.99900000000002,20.8,23.6
2020-10-25,0.20600000000000002,252.842,20.717,251.00599999999997,20.8,41.8
2020-10-26,0.204,252.84099999999998,20.701,250.998,20.8,22.4
2020-10-27,0.205,252.84,20.686,250.995,20.8,0.0
2020-10-28,0.21,252.843,20.668000000000003,251.00400000000002,20.8,0.0
2020-10-29,0.21,252.847,20.62,251.019,20.8,8.4
2020-10-30,0.214,252.84799999999998,20.605,251.02599999999998,20.8,0.0
2020-10-31,0.212,252.845,20.6,251.02,20.8,0.0
2020-11-01,0.213,252.83900000000003,20.6,251.002,20.8,0.0
2020-11-02,0.215,252.83700000000002,20.6,250.988,20.8,0.0
2020-11-03,0.22,252.84099999999998,20.599,250.99,20.8,0.0
2020-11-04,0.222,252.84599999999998,20.599,251.00400000000002,20.8,0.0
2020-11-05,0.221,252.847,20.593000000000004,251.011,20.798000000000002,0.0
2020-11-06,0.222,252.843,20.573,251.0,20.785,0.0
2020-11-07,0.22399999999999998,252.842,20.53,250.995,20.756,0.0
2020-11-08,0.221,252.83700000000002,20.506,250.984,20.72,0.0
2020-11-09,0.22,252.838,20.5,250.984,20.708000000000002,0.0
2020-11-10,0.21899999999999997,252.84,20.5,250.99,20.701,0.0
2020-11-11,0.22,252.84099999999998,20.5,250.99900000000002,20.7,0.0
2020-11-12,0.21899999999999997,252.843,20.499000000000002,251.01,20.7,0.0
2020-11-13,0.221,252.843,20.5,251.02,20.7,4.4
2020-11-14,0.225,252.83700000000002,20.499000000000002,251.01,20.7,0.8
2020-11-15,0.225,252.831,20.494,250.99900000000002,20.698,0.0
2020-11-16,0.225,252.832,20.483,251.003,20.693,0.0
2020-11-17,0.225,252.829,20.457,250.998,20.680999999999997,2.6
2020-11-18,0.226,252.825,20.434,250.99200000000002,20.66,0.0
2020-11-19,0.228,252.824,20.399,250.99099999999999,20.638,0.0
2020-11-20,0.228,252.822,20.384,250.993,20.616,0.0
2020-11-21,0.231,252.822,20.38,250.995,20.61,0.0
2020-11-22,0.23199999999999998,252.825,20.363,251.003,20.601,2.4
2020-11-23,0.22899999999999998,252.828,20.331,251.015,20.6,0.0
2020-11-24,0.22899999999999998,252.827,20.322,251.02,20.6,0.6
2020-11-25,0.228,252.82299999999998,20.304000000000002,251.015,20.6,0.0
2020-11-26,0.22699999999999998,252.81900000000002,20.302,251.011,20.6,0.0
2020-11-27,0.22699999999999998,252.817,20.3,251.007,20.6,0.0
2020-11-28,0.22699999999999998,252.817,20.3,251.011,20.6,0.0
2020-11-29,0.228,252.81799999999998,20.3,251.021,20.6,0.0
2020-11-30,0.23199999999999998,252.815,20.3,251.019,20.6,0.0
2020-12-01,0.237,252.81400000000002,20.3,251.016,20.6,0.0
2020-12-02,0.24100000000000002,252.81099999999998,20.3,251.011,20.6,0.0
2020-12-03,0.28300000000000003,252.81599999999997,20.299,251.02,20.6,0.0
2020-12-04,0.271,252.851,20.295,251.071,20.6,19.4
2020-12-05,0.284,252.859,20.295,251.085,20.6,0.0
2020-12-06,0.29,252.86599999999999,20.293,251.095,20.6,13.6
2020-12-07,0.29,252.87,20.28,251.09099999999998,20.6,0.0
2020-12-08,0.289,252.86700000000002,20.261,251.077,20.6,0.0
2020-12-09,0.29,252.86900000000003,20.221,251.071,20.6,0.0
2021-01-02,0.513,253.047,20.019000000000002,251.18200000000002,20.5,8.6
2021-01-03,0.39899999999999997,253.076,20.007,251.19299999999998,20.5,11.6
2021-01-04,0.294,253.054,20.000999999999998,251.196,20.5,16.0
2021-01-05,0.387,253.03599999999997,20.0,251.197,20.5,8.0
2021-01-06,0.405,253.065,20.0,251.192,20.5,0.4
2021-01-07,0.32299999999999995,253.05200000000002,20.0,251.18099999999998,20.5,7.2
2021-01-08,0.278,253.028,20.0,251.172,20.5,0.6
2021-01-09,0.251,253.00799999999998,20.0,251.167,20.5,0.0
2021-01-10,0.24100000000000002,252.99099999999999,20.0,251.16400000000002,20.5,0.0
2021-01-11,0.237,252.97799999999998,20.0,251.16299999999998,20.5,0.0
2021-01-12,0.23600000000000002,252.968,20.0,251.162,20.5,0.0
2021-01-13,0.235,252.959,20.0,251.15900000000002,20.5,0.0
2021-01-14,0.23600000000000002,252.954,20.0,251.16099999999997,20.5,0.0
2021-01-15,0.244,252.949,20.0,251.17,20.5,5.0
2021-01-16,0.249,252.94099999999997,19.999000000000002,251.15900000000002,20.5,27.4
2021-01-17,0.24600000000000002,252.93400000000003,20.0,251.15099999999998,20.5,0.0
2021-01-18,0.248,252.93200000000002,20.0,251.15,20.5,0.0
2021-01-19,0.25,252.929,19.999000000000002,251.14700000000002,20.5,0.4
2021-01-20,0.25,252.924,20.0,251.142,20.5,0.0
2021-01-21,0.251,252.922,19.999000000000002,251.143,20.5,0.0
2021-01-22,0.252,252.921,20.0,251.148,20.5,0.0
2021-01-23,0.251,252.918,20.0,251.146,20.5,0.0
2021-01-24,0.251,252.915,20.0,251.14700000000002,20.5,0.0
2021-01-25,0.253,252.915,20.0,251.153,20.5,0.0
2021-01-26,0.255,252.91400000000002,19.999000000000002,251.16,20.5,0.0
2021-01-27,0.253,252.90900000000002,20.0,251.15400000000002,20.5,0.0
2021-01-28,0.251,252.90400000000002,19.999000000000002,251.143,20.5,0.0
